Product_Name,Price_Cleaned,Rating_Numeric,Product_Name_Upper,Product_Name_Lower,Product_ID
A Light in the Attic,51.77,3,A LIGHT IN THE ATTIC,a light in the attic,PROD1000
Tipping the Velvet,53.74,1,TIPPING THE VELVET,tipping the velvet,PROD1001
Soumission,50.1,1,SOUMISSION,soumission,PROD1002
Sharp Objects,47.82,4,SHARP OBJECTS,sharp objects,PROD1003
Sapiens: A Brief History of Humankind,54.23,5,SAPIENS: A BRIEF HISTORY OF HUMANKIND,sapiens: a brief history of humankind,PROD1004
The Requiem Red,22.65,1,THE REQUIEM RED,the requiem red,PROD1005
The Dirty Little Secrets of Getting Your Dream Job,33.34,4,THE DIRTY LITTLE SECRETS OF GETTING YOUR DREAM JOB,the dirty little secrets of getting your dream job,PROD1006
"The Coming Woman: A Novel Based on the Life of the Infamous Feminist, Victoria Woodhull",17.93,3,"THE COMING WOMAN: A NOVEL BASED ON THE LIFE OF THE INFAMOUS FEMINIST, VICTORIA WOODHULL","the coming woman: a novel based on the life of the infamous feminist, victoria woodhull",PROD1007
The Boys in the Boat: Nine Americans and Their Epic Quest for Gold at the 1936 Berlin Olympics,22.6,4,THE BOYS IN THE BOAT: NINE AMERICANS AND THEIR EPIC QUEST FOR GOLD AT THE 1936 BERLIN OLYMPICS,the boys in the boat: nine americans and their epic quest for gold at the 1936 berlin olympics,PROD1008
The Black Maria,52.15,1,THE BLACK MARIA,the black maria,PROD1009
"Starving Hearts (Triangular Trade Trilogy, #1)",13.99,2,"STARVING HEARTS (TRIANGULAR TRADE TRILOGY, #1)","starving hearts (triangular trade trilogy, #1)",PROD1010
Shakespeare's Sonnets,20.66,4,SHAKESPEARE'S SONNETS,shakespeare's sonnets,PROD1011
Set Me Free,17.46,5,SET ME FREE,set me free,PROD1012
Scott Pilgrim's Precious Little Life (Scott Pilgrim #1),52.29,5,SCOTT PILGRIM'S PRECIOUS LITTLE LIFE (SCOTT PILGRIM #1),scott pilgrim's precious little life (scott pilgrim #1),PROD1013
Rip it Up and Start Again,35.02,5,RIP IT UP AND START AGAIN,rip it up and start again,PROD1014
"Our Band Could Be Your Life: Scenes from the American Indie Underground, 1981-1991",57.25,3,"OUR BAND COULD BE YOUR LIFE: SCENES FROM THE AMERICAN INDIE UNDERGROUND, 1981-1991","our band could be your life: scenes from the american indie underground, 1981-1991",PROD1015
Olio,23.88,1,OLIO,olio,PROD1016
Mesaerion: The Best Science Fiction Stories 1800-1849,37.59,1,MESAERION: THE BEST SCIENCE FICTION STORIES 1800-1849,mesaerion: the best science fiction stories 1800-1849,PROD1017
Libertarianism for Beginners,51.33,2,LIBERTARIANISM FOR BEGINNERS,libertarianism for beginners,PROD1018
It's Only the Himalayas,45.17,2,IT'S ONLY THE HIMALAYAS,it's only the himalayas,PROD1019
In Her Wake,12.84,1,IN HER WAKE,in her wake,PROD1020
How Music Works,37.32,2,HOW MUSIC WORKS,how music works,PROD1021
"Foolproof Preserving: A Guide to Small Batch Jams, Jellies, Pickles, Condiments, and More: A Foolproof Guide to Making Small Batch Jams, Jellies, Pickles, Condiments, and More",30.52,3,"FOOLPROOF PRESERVING: A GUIDE TO SMALL BATCH JAMS, JELLIES, PICKLES, CONDIMENTS, AND MORE: A FOOLPROOF GUIDE TO MAKING SMALL BATCH JAMS, JELLIES, PICKLES, CONDIMENTS, AND MORE","foolproof preserving: a guide to small batch jams, jellies, pickles, condiments, and more: a foolproof guide to making small batch jams, jellies, pickles, condiments, and more",PROD1022
Chase Me (Paris Nights #2),25.27,5,CHASE ME (PARIS NIGHTS #2),chase me (paris nights #2),PROD1023
Black Dust,34.53,5,BLACK DUST,black dust,PROD1024
Birdsong: A Story in Pictures,54.64,3,BIRDSONG: A STORY IN PICTURES,birdsong: a story in pictures,PROD1025
America's Cradle of Quarterbacks: Western Pennsylvania's Football Factory from Johnny Unitas to Joe Montana,22.5,3,AMERICA'S CRADLE OF QUARTERBACKS: WESTERN PENNSYLVANIA'S FOOTBALL FACTORY FROM JOHNNY UNITAS TO JOE MONTANA,america's cradle of quarterbacks: western pennsylvania's football factory from johnny unitas to joe montana,PROD1026
Aladdin and His Wonderful Lamp,53.13,3,ALADDIN AND HIS WONDERFUL LAMP,aladdin and his wonderful lamp,PROD1027
Worlds Elsewhere: Journeys Around Shakespeare’s Globe,40.3,5,WORLDS ELSEWHERE: JOURNEYS AROUND SHAKESPEARE’S GLOBE,worlds elsewhere: journeys around shakespeare’s globe,PROD1028
Wall and Piece,44.18,4,WALL AND PIECE,wall and piece,PROD1029
The Four Agreements: A Practical Guide to Personal Freedom,17.66,5,THE FOUR AGREEMENTS: A PRACTICAL GUIDE TO PERSONAL FREEDOM,the four agreements: a practical guide to personal freedom,PROD1030
The Five Love Languages: How to Express Heartfelt Commitment to Your Mate,31.05,3,THE FIVE LOVE LANGUAGES: HOW TO EXPRESS HEARTFELT COMMITMENT TO YOUR MATE,the five love languages: how to express heartfelt commitment to your mate,PROD1031
The Elephant Tree,23.82,5,THE ELEPHANT TREE,the elephant tree,PROD1032
The Bear and the Piano,36.89,1,THE BEAR AND THE PIANO,the bear and the piano,PROD1033
Sophie's World,15.94,5,SOPHIE'S WORLD,sophie's world,PROD1034
Penny Maybe,33.29,3,PENNY MAYBE,penny maybe,PROD1035
Maude (1883-1993):She Grew Up with the country,18.02,2,MAUDE (1883-1993):SHE GREW UP WITH THE COUNTRY,maude (1883-1993):she grew up with the country,PROD1036
"In a Dark, Dark Wood",19.63,1,"IN A DARK, DARK WOOD","in a dark, dark wood",PROD1037
Behind Closed Doors,52.22,4,BEHIND CLOSED DOORS,behind closed doors,PROD1038
You can't bury them all: Poems,33.63,2,YOU CAN'T BURY THEM ALL: POEMS,you can't bury them all: poems,PROD1039
Slow States of Collapse: Poems,57.31,3,SLOW STATES OF COLLAPSE: POEMS,slow states of collapse: poems,PROD1040
Reasons to Stay Alive,26.41,2,REASONS TO STAY ALIVE,reasons to stay alive,PROD1041
Private Paris (Private #10),47.61,5,PRIVATE PARIS (PRIVATE #10),private paris (private #10),PROD1042
#HigherSelfie: Wake Up Your Life. Free Your Soul. Find Your Tribe.,23.11,5,#HIGHERSELFIE: WAKE UP YOUR LIFE. FREE YOUR SOUL. FIND YOUR TRIBE.,#higherselfie: wake up your life. free your soul. find your tribe.,PROD1043
Without Borders (Wanderlove #1),45.07,2,WITHOUT BORDERS (WANDERLOVE #1),without borders (wanderlove #1),PROD1044
When We Collided,31.77,1,WHEN WE COLLIDED,when we collided,PROD1045
"We Love You, Charlie Freeman",50.27,5,"WE LOVE YOU, CHARLIE FREEMAN","we love you, charlie freeman",PROD1046
Untitled Collection: Sabbath Poems 2014,14.27,4,UNTITLED COLLECTION: SABBATH POEMS 2014,untitled collection: sabbath poems 2014,PROD1047
"Unseen City: The Majesty of Pigeons, the Discreet Charm of Snails & Other Wonders of the Urban Wilderness",44.18,4,"UNSEEN CITY: THE MAJESTY OF PIGEONS, THE DISCREET CHARM OF SNAILS & OTHER WONDERS OF THE URBAN WILDERNESS","unseen city: the majesty of pigeons, the discreet charm of snails & other wonders of the urban wilderness",PROD1048
Unicorn Tracks,18.78,3,UNICORN TRACKS,unicorn tracks,PROD1049
"Unbound: How Eight Technologies Made Us Human, Transformed Society, and Brought Our World to the Brink",25.52,1,"UNBOUND: HOW EIGHT TECHNOLOGIES MADE US HUMAN, TRANSFORMED SOCIETY, AND BROUGHT OUR WORLD TO THE BRINK","unbound: how eight technologies made us human, transformed society, and brought our world to the brink",PROD1050
Tsubasa: WoRLD CHRoNiCLE 2 (Tsubasa WoRLD CHRoNiCLE #2),16.28,1,TSUBASA: WORLD CHRONICLE 2 (TSUBASA WORLD CHRONICLE #2),tsubasa: world chronicle 2 (tsubasa world chronicle #2),PROD1051
Throwing Rocks at the Google Bus: How Growth Became the Enemy of Prosperity,31.12,3,THROWING ROCKS AT THE GOOGLE BUS: HOW GROWTH BECAME THE ENEMY OF PROSPERITY,throwing rocks at the google bus: how growth became the enemy of prosperity,PROD1052
This One Summer,19.49,4,THIS ONE SUMMER,this one summer,PROD1053
Thirst,17.27,5,THIRST,thirst,PROD1054
The Torch Is Passed: A Harding Family Story,19.09,1,THE TORCH IS PASSED: A HARDING FAMILY STORY,the torch is passed: a harding family story,PROD1055
The Secret of Dreadwillow Carse,56.13,1,THE SECRET OF DREADWILLOW CARSE,the secret of dreadwillow carse,PROD1056
"The Pioneer Woman Cooks: Dinnertime: Comfort Classics, Freezer Food, 16-Minute Meals, and Other Delicious Ways to Solve Supper!",56.41,1,"THE PIONEER WOMAN COOKS: DINNERTIME: COMFORT CLASSICS, FREEZER FOOD, 16-MINUTE MEALS, AND OTHER DELICIOUS WAYS TO SOLVE SUPPER!","the pioneer woman cooks: dinnertime: comfort classics, freezer food, 16-minute meals, and other delicious ways to solve supper!",PROD1057
The Past Never Ends,56.5,4,THE PAST NEVER ENDS,the past never ends,PROD1058
The Natural History of Us (The Fine Art of Pretending #2),45.22,3,THE NATURAL HISTORY OF US (THE FINE ART OF PRETENDING #2),the natural history of us (the fine art of pretending #2),PROD1059
The Nameless City (The Nameless City #1),38.16,4,THE NAMELESS CITY (THE NAMELESS CITY #1),the nameless city (the nameless city #1),PROD1060
The Murder That Never Was (Forensic Instincts #5),54.11,3,THE MURDER THAT NEVER WAS (FORENSIC INSTINCTS #5),the murder that never was (forensic instincts #5),PROD1061
The Most Perfect Thing: Inside (and Outside) a Bird's Egg,42.96,4,THE MOST PERFECT THING: INSIDE (AND OUTSIDE) A BIRD'S EGG,the most perfect thing: inside (and outside) a bird's egg,PROD1062
"The Mindfulness and Acceptance Workbook for Anxiety: A Guide to Breaking Free from Anxiety, Phobias, and Worry Using Acceptance and Commitment Therapy",23.89,4,"THE MINDFULNESS AND ACCEPTANCE WORKBOOK FOR ANXIETY: A GUIDE TO BREAKING FREE FROM ANXIETY, PHOBIAS, AND WORRY USING ACCEPTANCE AND COMMITMENT THERAPY","the mindfulness and acceptance workbook for anxiety: a guide to breaking free from anxiety, phobias, and worry using acceptance and commitment therapy",PROD1063
The Life-Changing Magic of Tidying Up: The Japanese Art of Decluttering and Organizing,16.77,3,THE LIFE-CHANGING MAGIC OF TIDYING UP: THE JAPANESE ART OF DECLUTTERING AND ORGANIZING,the life-changing magic of tidying up: the japanese art of decluttering and organizing,PROD1064
"The Inefficiency Assassin: Time Management Tactics for Working Smarter, Not Longer",20.59,5,"THE INEFFICIENCY ASSASSIN: TIME MANAGEMENT TACTICS FOR WORKING SMARTER, NOT LONGER","the inefficiency assassin: time management tactics for working smarter, not longer",PROD1065
The Gutsy Girl: Escapades for Your Life of Epic Adventure,37.13,1,THE GUTSY GIRL: ESCAPADES FOR YOUR LIFE OF EPIC ADVENTURE,the gutsy girl: escapades for your life of epic adventure,PROD1066
The Electric Pencil: Drawings from Inside State Hospital No. 3,56.06,1,THE ELECTRIC PENCIL: DRAWINGS FROM INSIDE STATE HOSPITAL NO. 3,the electric pencil: drawings from inside state hospital no. 3,PROD1067
The Death of Humanity: and the Case for Life,58.11,4,THE DEATH OF HUMANITY: AND THE CASE FOR LIFE,the death of humanity: and the case for life,PROD1068
"The Bulletproof Diet: Lose up to a Pound a Day, Reclaim Energy and Focus, Upgrade Your Life",49.05,3,"THE BULLETPROOF DIET: LOSE UP TO A POUND A DAY, RECLAIM ENERGY AND FOCUS, UPGRADE YOUR LIFE","the bulletproof diet: lose up to a pound a day, reclaim energy and focus, upgrade your life",PROD1069
The Art Forger,40.76,3,THE ART FORGER,the art forger,PROD1070
The Age of Genius: The Seventeenth Century and the Birth of the Modern Mind,19.73,1,THE AGE OF GENIUS: THE SEVENTEENTH CENTURY AND THE BIRTH OF THE MODERN MIND,the age of genius: the seventeenth century and the birth of the modern mind,PROD1071
The Activist's Tao Te Ching: Ancient Advice for a Modern Revolution,32.24,5,THE ACTIVIST'S TAO TE CHING: ANCIENT ADVICE FOR A MODERN REVOLUTION,the activist's tao te ching: ancient advice for a modern revolution,PROD1072
Spark Joy: An Illustrated Master Class on the Art of Organizing and Tidying Up,41.83,4,SPARK JOY: AN ILLUSTRATED MASTER CLASS ON THE ART OF ORGANIZING AND TIDYING UP,spark joy: an illustrated master class on the art of organizing and tidying up,PROD1073
Soul Reader,39.58,2,SOUL READER,soul reader,PROD1074
Security,39.25,2,SECURITY,security,PROD1075
"Saga, Volume 6 (Saga (Collected Editions) #6)",25.02,3,"SAGA, VOLUME 6 (SAGA (COLLECTED EDITIONS) #6)","saga, volume 6 (saga (collected editions) #6)",PROD1076
"Saga, Volume 5 (Saga (Collected Editions) #5)",51.04,2,"SAGA, VOLUME 5 (SAGA (COLLECTED EDITIONS) #5)","saga, volume 5 (saga (collected editions) #5)",PROD1077
Reskilling America: Learning to Labor in the Twenty-First Century,19.83,2,RESKILLING AMERICA: LEARNING TO LABOR IN THE TWENTY-FIRST CENTURY,reskilling america: learning to labor in the twenty-first century,PROD1078
"Rat Queens, Vol. 3: Demons (Rat Queens (Collected Editions) #11-15)",50.4,3,"RAT QUEENS, VOL. 3: DEMONS (RAT QUEENS (COLLECTED EDITIONS) #11-15)","rat queens, vol. 3: demons (rat queens (collected editions) #11-15)",PROD1079
"Princess Jellyfish 2-in-1 Omnibus, Vol. 01 (Princess Jellyfish 2-in-1 Omnibus #1)",13.61,5,"PRINCESS JELLYFISH 2-IN-1 OMNIBUS, VOL. 01 (PRINCESS JELLYFISH 2-IN-1 OMNIBUS #1)","princess jellyfish 2-in-1 omnibus, vol. 01 (princess jellyfish 2-in-1 omnibus #1)",PROD1080
Princess Between Worlds (Wide-Awake Princess #5),13.34,5,PRINCESS BETWEEN WORLDS (WIDE-AWAKE PRINCESS #5),princess between worlds (wide-awake princess #5),PROD1081
"Pop Gun War, Volume 1: Gift",18.97,1,"POP GUN WAR, VOLUME 1: GIFT","pop gun war, volume 1: gift",PROD1082
"Political Suicide: Missteps, Peccadilloes, Bad Calls, Backroom Hijinx, Sordid Pasts, Rotten Breaks, and Just Plain Dumb Mistakes in the Annals of American Politics",36.28,2,"POLITICAL SUICIDE: MISSTEPS, PECCADILLOES, BAD CALLS, BACKROOM HIJINX, SORDID PASTS, ROTTEN BREAKS, AND JUST PLAIN DUMB MISTAKES IN THE ANNALS OF AMERICAN POLITICS","political suicide: missteps, peccadilloes, bad calls, backroom hijinx, sordid pasts, rotten breaks, and just plain dumb mistakes in the annals of american politics",PROD1083
Patience,10.16,3,PATIENCE,patience,PROD1084
"Outcast, Vol. 1: A Darkness Surrounds Him (Outcast #1)",15.44,4,"OUTCAST, VOL. 1: A DARKNESS SURROUNDS HIM (OUTCAST #1)","outcast, vol. 1: a darkness surrounds him (outcast #1)",PROD1085
orange: The Complete Collection 1 (orange: The Complete Collection #1),48.41,1,ORANGE: THE COMPLETE COLLECTION 1 (ORANGE: THE COMPLETE COLLECTION #1),orange: the complete collection 1 (orange: the complete collection #1),PROD1086
Online Marketing for Busy Authors: A Step-By-Step Guide,46.35,1,ONLINE MARKETING FOR BUSY AUTHORS: A STEP-BY-STEP GUIDE,online marketing for busy authors: a step-by-step guide,PROD1087
On a Midnight Clear,14.07,3,ON A MIDNIGHT CLEAR,on a midnight clear,PROD1088
Obsidian (Lux #1),14.86,2,OBSIDIAN (LUX #1),obsidian (lux #1),PROD1089
My Paris Kitchen: Recipes and Stories,33.37,2,MY PARIS KITCHEN: RECIPES AND STORIES,my paris kitchen: recipes and stories,PROD1090
Masks and Shadows,56.4,2,MASKS AND SHADOWS,masks and shadows,PROD1091
"Mama Tried: Traditional Italian Cooking for the Screwed, Crude, Vegan, and Tattooed",14.02,4,"MAMA TRIED: TRADITIONAL ITALIAN COOKING FOR THE SCREWED, CRUDE, VEGAN, AND TATTOOED","mama tried: traditional italian cooking for the screwed, crude, vegan, and tattooed",PROD1092
"Lumberjanes, Vol. 2: Friendship to the Max (Lumberjanes #5-8)",46.91,2,"LUMBERJANES, VOL. 2: FRIENDSHIP TO THE MAX (LUMBERJANES #5-8)","lumberjanes, vol. 2: friendship to the max (lumberjanes #5-8)",PROD1093
"Lumberjanes, Vol. 1: Beware the Kitten Holy (Lumberjanes #1-4)",45.61,3,"LUMBERJANES, VOL. 1: BEWARE THE KITTEN HOLY (LUMBERJANES #1-4)","lumberjanes, vol. 1: beware the kitten holy (lumberjanes #1-4)",PROD1094
Lumberjanes Vol. 3: A Terrible Plan (Lumberjanes #9-12),19.92,2,LUMBERJANES VOL. 3: A TERRIBLE PLAN (LUMBERJANES #9-12),lumberjanes vol. 3: a terrible plan (lumberjanes #9-12),PROD1095
"Layered: Baking, Building, and Styling Spectacular Cakes",40.11,1,"LAYERED: BAKING, BUILDING, AND STYLING SPECTACULAR CAKES","layered: baking, building, and styling spectacular cakes",PROD1096
Judo: Seven Steps to Black Belt (an Introductory Guide for Beginners),53.9,2,JUDO: SEVEN STEPS TO BLACK BELT (AN INTRODUCTORY GUIDE FOR BEGINNERS),judo: seven steps to black belt (an introductory guide for beginners),PROD1097
Join,35.67,5,JOIN,join,PROD1098
In the Country We Love: My Family Divided,22.0,4,IN THE COUNTRY WE LOVE: MY FAMILY DIVIDED,in the country we love: my family divided,PROD1099
Immunity: How Elie Metchnikoff Changed the Course of Modern Medicine,57.36,5,IMMUNITY: HOW ELIE METCHNIKOFF CHANGED THE COURSE OF MODERN MEDICINE,immunity: how elie metchnikoff changed the course of modern medicine,PROD1100
"I Hate Fairyland, Vol. 1: Madly Ever After (I Hate Fairyland (Compilations) #1-5)",29.17,2,"I HATE FAIRYLAND, VOL. 1: MADLY EVER AFTER (I HATE FAIRYLAND (COMPILATIONS) #1-5)","i hate fairyland, vol. 1: madly ever after (i hate fairyland (compilations) #1-5)",PROD1101
I am a Hero Omnibus Volume 1,54.63,3,I AM A HERO OMNIBUS VOLUME 1,i am a hero omnibus volume 1,PROD1102
How to Be Miserable: 40 Strategies You Already Use,46.03,1,HOW TO BE MISERABLE: 40 STRATEGIES YOU ALREADY USE,how to be miserable: 40 strategies you already use,PROD1103
Her Backup Boyfriend (The Sorensen Family #1),33.97,1,HER BACKUP BOYFRIEND (THE SORENSEN FAMILY #1),her backup boyfriend (the sorensen family #1),PROD1104
"Giant Days, Vol. 2 (Giant Days #5-8)",22.11,2,"GIANT DAYS, VOL. 2 (GIANT DAYS #5-8)","giant days, vol. 2 (giant days #5-8)",PROD1105
Forever and Forever: The Courtship of Henry Longfellow and Fanny Appleton,29.69,3,FOREVER AND FOREVER: THE COURTSHIP OF HENRY LONGFELLOW AND FANNY APPLETON,forever and forever: the courtship of henry longfellow and fanny appleton,PROD1106
First and First (Five Boroughs #3),15.97,4,FIRST AND FIRST (FIVE BOROUGHS #3),first and first (five boroughs #3),PROD1107
Fifty Shades Darker (Fifty Shades #2),21.96,1,FIFTY SHADES DARKER (FIFTY SHADES #2),fifty shades darker (fifty shades #2),PROD1108
Everydata: The Misinformation Hidden in the Little Data You Consume Every Day,54.35,2,EVERYDATA: THE MISINFORMATION HIDDEN IN THE LITTLE DATA YOU CONSUME EVERY DAY,everydata: the misinformation hidden in the little data you consume every day,PROD1109
"Don't Be a Jerk: And Other Practical Advice from Dogen, Japan's Greatest Zen Master",37.97,2,"DON'T BE A JERK: AND OTHER PRACTICAL ADVICE FROM DOGEN, JAPAN'S GREATEST ZEN MASTER","don't be a jerk: and other practical advice from dogen, japan's greatest zen master",PROD1110
Danganronpa Volume 1,51.99,4,DANGANRONPA VOLUME 1,danganronpa volume 1,PROD1111
Crown of Midnight (Throne of Glass #2),43.29,3,CROWN OF MIDNIGHT (THRONE OF GLASS #2),crown of midnight (throne of glass #2),PROD1112
"Codename Baboushka, Volume 1: The Conclave of Death",36.72,4,"CODENAME BABOUSHKA, VOLUME 1: THE CONCLAVE OF DEATH","codename baboushka, volume 1: the conclave of death",PROD1113
Camp Midnight,17.08,4,CAMP MIDNIGHT,camp midnight,PROD1114
Call the Nurse: True Stories of a Country Nurse on a Scottish Isle,29.14,5,CALL THE NURSE: TRUE STORIES OF A COUNTRY NURSE ON A SCOTTISH ISLE,call the nurse: true stories of a country nurse on a scottish isle,PROD1115
Burning,28.81,3,BURNING,burning,PROD1116
Bossypants,49.46,2,BOSSYPANTS,bossypants,PROD1117
"Bitch Planet, Vol. 1: Extraordinary Machine (Bitch Planet (Collected Editions))",37.92,2,"BITCH PLANET, VOL. 1: EXTRAORDINARY MACHINE (BITCH PLANET (COLLECTED EDITIONS))","bitch planet, vol. 1: extraordinary machine (bitch planet (collected editions))",PROD1118
"Avatar: The Last Airbender: Smoke and Shadow, Part 3 (Smoke and Shadow #3)",28.09,2,"AVATAR: THE LAST AIRBENDER: SMOKE AND SHADOW, PART 3 (SMOKE AND SHADOW #3)","avatar: the last airbender: smoke and shadow, part 3 (smoke and shadow #3)",PROD1119
Algorithms to Live By: The Computer Science of Human Decisions,30.81,1,ALGORITHMS TO LIVE BY: THE COMPUTER SCIENCE OF HUMAN DECISIONS,algorithms to live by: the computer science of human decisions,PROD1120
A World of Flavor: Your Gluten Free Passport,42.95,1,A WORLD OF FLAVOR: YOUR GLUTEN FREE PASSPORT,a world of flavor: your gluten free passport,PROD1121
"A Piece of Sky, a Grain of Rice: A Memoir in Four Meditations",56.76,5,"A PIECE OF SKY, A GRAIN OF RICE: A MEMOIR IN FOUR MEDITATIONS","a piece of sky, a grain of rice: a memoir in four meditations",PROD1122
A Murder in Time,16.64,1,A MURDER IN TIME,a murder in time,PROD1123
A Flight of Arrows (The Pathfinders #2),55.53,5,A FLIGHT OF ARROWS (THE PATHFINDERS #2),a flight of arrows (the pathfinders #2),PROD1124
A Fierce and Subtle Poison,28.13,4,A FIERCE AND SUBTLE POISON,a fierce and subtle poison,PROD1125
A Court of Thorns and Roses (A Court of Thorns and Roses #1),52.37,1,A COURT OF THORNS AND ROSES (A COURT OF THORNS AND ROSES #1),a court of thorns and roses (a court of thorns and roses #1),PROD1126
(Un)Qualified: How God Uses Broken People to Do Big Things,54.0,5,(UN)QUALIFIED: HOW GOD USES BROKEN PEOPLE TO DO BIG THINGS,(un)qualified: how god uses broken people to do big things,PROD1127
You Are What You Love: The Spiritual Power of Habit,21.87,4,YOU ARE WHAT YOU LOVE: THE SPIRITUAL POWER OF HABIT,you are what you love: the spiritual power of habit,PROD1128
"William Shakespeare's Star Wars: Verily, A New Hope (William Shakespeare's Star Wars #4)",43.3,4,"WILLIAM SHAKESPEARE'S STAR WARS: VERILY, A NEW HOPE (WILLIAM SHAKESPEARE'S STAR WARS #4)","william shakespeare's star wars: verily, a new hope (william shakespeare's star wars #4)",PROD1129
Tuesday Nights in 1980,21.04,2,TUESDAY NIGHTS IN 1980,tuesday nights in 1980,PROD1130
Tracing Numbers on a Train,41.6,3,TRACING NUMBERS ON A TRAIN,tracing numbers on a train,PROD1131
Throne of Glass (Throne of Glass #1),35.07,3,THRONE OF GLASS (THRONE OF GLASS #1),throne of glass (throne of glass #1),PROD1132
Thomas Jefferson and the Tripoli Pirates: The Forgotten War That Changed American History,59.64,1,THOMAS JEFFERSON AND THE TRIPOLI PIRATES: THE FORGOTTEN WAR THAT CHANGED AMERICAN HISTORY,thomas jefferson and the tripoli pirates: the forgotten war that changed american history,PROD1133
Thirteen Reasons Why,52.72,1,THIRTEEN REASONS WHY,thirteen reasons why,PROD1134
The White Cat and the Monk: A Retelling of the Poem “Pangur Bán”,58.08,4,THE WHITE CAT AND THE MONK: A RETELLING OF THE POEM “PANGUR BÁN”,the white cat and the monk: a retelling of the poem “pangur bán”,PROD1135
The Wedding Dress,24.12,1,THE WEDDING DRESS,the wedding dress,PROD1136
The Vacationers,42.15,4,THE VACATIONERS,the vacationers,PROD1137
The Third Wave: An Entrepreneur’s Vision of the Future,12.61,5,THE THIRD WAVE: AN ENTREPRENEUR’S VISION OF THE FUTURE,the third wave: an entrepreneur’s vision of the future,PROD1138
The Stranger,17.44,4,THE STRANGER,the stranger,PROD1139
The Shadow Hero (The Shadow Hero),33.14,1,THE SHADOW HERO (THE SHADOW HERO),the shadow hero (the shadow hero),PROD1140
The Secret (The Secret #1),27.37,4,THE SECRET (THE SECRET #1),the secret (the secret #1),PROD1141
The Regional Office Is Under Attack!,51.36,5,THE REGIONAL OFFICE IS UNDER ATTACK!,the regional office is under attack!,PROD1142
The Psychopath Test: A Journey Through the Madness Industry,36.0,2,THE PSYCHOPATH TEST: A JOURNEY THROUGH THE MADNESS INDUSTRY,the psychopath test: a journey through the madness industry,PROD1143
The Project,10.65,1,THE PROJECT,the project,PROD1144
The Power of Now: A Guide to Spiritual Enlightenment,43.54,2,THE POWER OF NOW: A GUIDE TO SPIRITUAL ENLIGHTENMENT,the power of now: a guide to spiritual enlightenment,PROD1145
The Omnivore's Dilemma: A Natural History of Four Meals,38.21,2,THE OMNIVORE'S DILEMMA: A NATURAL HISTORY OF FOUR MEALS,the omnivore's dilemma: a natural history of four meals,PROD1146
The Nerdy Nummies Cookbook: Sweet Treats for the Geek in All of Us,37.34,5,THE NERDY NUMMIES COOKBOOK: SWEET TREATS FOR THE GEEK IN ALL OF US,the nerdy nummies cookbook: sweet treats for the geek in all of us,PROD1147
The Murder of Roger Ackroyd (Hercule Poirot #4),44.1,4,THE MURDER OF ROGER ACKROYD (HERCULE POIROT #4),the murder of roger ackroyd (hercule poirot #4),PROD1148
The Mistake (Off-Campus #2),43.29,3,THE MISTAKE (OFF-CAMPUS #2),the mistake (off-campus #2),PROD1149
The Matchmaker's Playbook (Wingmen Inc. #1),55.85,1,THE MATCHMAKER'S PLAYBOOK (WINGMEN INC. #1),the matchmaker's playbook (wingmen inc. #1),PROD1150
The Love and Lemons Cookbook: An Apple-to-Zucchini Celebration of Impromptu Cooking,37.6,2,THE LOVE AND LEMONS COOKBOOK: AN APPLE-TO-ZUCCHINI CELEBRATION OF IMPROMPTU COOKING,the love and lemons cookbook: an apple-to-zucchini celebration of impromptu cooking,PROD1151
The Long Shadow of Small Ghosts: Murder and Memory in an American City,10.97,1,THE LONG SHADOW OF SMALL GHOSTS: MURDER AND MEMORY IN AN AMERICAN CITY,the long shadow of small ghosts: murder and memory in an american city,PROD1152
The Kite Runner,41.82,4,THE KITE RUNNER,the kite runner,PROD1153
The House by the Lake,36.95,1,THE HOUSE BY THE LAKE,the house by the lake,PROD1154
The Glittering Court (The Glittering Court #1),44.28,1,THE GLITTERING COURT (THE GLITTERING COURT #1),the glittering court (the glittering court #1),PROD1155
The Girl on the Train,55.02,2,THE GIRL ON THE TRAIN,the girl on the train,PROD1156
The Genius of Birds,17.24,1,THE GENIUS OF BIRDS,the genius of birds,PROD1157
The Emerald Mystery,23.15,2,THE EMERALD MYSTERY,the emerald mystery,PROD1158
The Cookies & Cups Cookbook: 125+ sweet & savory recipes reminding you to Always Eat Dessert First,41.25,1,THE COOKIES & CUPS COOKBOOK: 125+ SWEET & SAVORY RECIPES REMINDING YOU TO ALWAYS EAT DESSERT FIRST,the cookies & cups cookbook: 125+ sweet & savory recipes reminding you to always eat dessert first,PROD1159
The Bridge to Consciousness: I'm Writing the Bridge Between Science and Our Old and New Beliefs.,32.0,3,THE BRIDGE TO CONSCIOUSNESS: I'M WRITING THE BRIDGE BETWEEN SCIENCE AND OUR OLD AND NEW BELIEFS.,the bridge to consciousness: i'm writing the bridge between science and our old and new beliefs.,PROD1160
The Artist's Way: A Spiritual Path to Higher Creativity,38.49,5,THE ARTIST'S WAY: A SPIRITUAL PATH TO HIGHER CREATIVITY,the artist's way: a spiritual path to higher creativity,PROD1161
The Art of War,33.34,5,THE ART OF WAR,the art of war,PROD1162
The Argonauts,10.93,2,THE ARGONAUTS,the argonauts,PROD1163
The 10% Entrepreneur: Live Your Startup Dream Without Quitting Your Day Job,27.55,3,THE 10% ENTREPRENEUR: LIVE YOUR STARTUP DREAM WITHOUT QUITTING YOUR DAY JOB,the 10% entrepreneur: live your startup dream without quitting your day job,PROD1164
Suddenly in Love (Lake Haven #1),55.99,2,SUDDENLY IN LOVE (LAKE HAVEN #1),suddenly in love (lake haven #1),PROD1165
Something More Than This,16.24,4,SOMETHING MORE THAN THIS,something more than this,PROD1166
Soft Apocalypse,26.12,2,SOFT APOCALYPSE,soft apocalypse,PROD1167
So You've Been Publicly Shamed,12.23,2,SO YOU'VE BEEN PUBLICLY SHAMED,so you've been publicly shamed,PROD1168
Shoe Dog: A Memoir by the Creator of NIKE,23.99,2,SHOE DOG: A MEMOIR BY THE CREATOR OF NIKE,shoe dog: a memoir by the creator of nike,PROD1169
"Shobu Samurai, Project Aryoku (#3)",29.06,3,"SHOBU SAMURAI, PROJECT ARYOKU (#3)","shobu samurai, project aryoku (#3)",PROD1170
Secrets and Lace (Fatal Hearts #1),20.27,1,SECRETS AND LACE (FATAL HEARTS #1),secrets and lace (fatal hearts #1),PROD1171
Scarlett Epstein Hates It Here,43.55,5,SCARLETT EPSTEIN HATES IT HERE,scarlett epstein hates it here,PROD1172
Romero and Juliet: A Tragic Tale of Love and Zombies,36.94,1,ROMERO AND JULIET: A TRAGIC TALE OF LOVE AND ZOMBIES,romero and juliet: a tragic tale of love and zombies,PROD1173
Redeeming Love,20.47,5,REDEEMING LOVE,redeeming love,PROD1174
Poses for Artists Volume 1 - Dynamic and Sitting Poses: An Essential Reference for Figure Drawing and the Human Form,41.06,1,POSES FOR ARTISTS VOLUME 1 - DYNAMIC AND SITTING POSES: AN ESSENTIAL REFERENCE FOR FIGURE DRAWING AND THE HUMAN FORM,poses for artists volume 1 - dynamic and sitting poses: an essential reference for figure drawing and the human form,PROD1175
Poems That Make Grown Women Cry,14.19,4,POEMS THAT MAKE GROWN WOMEN CRY,poems that make grown women cry,PROD1176
"Nightingale, Sing",38.28,1,"NIGHTINGALE, SING","nightingale, sing",PROD1177
Night Sky with Exit Wounds,41.05,1,NIGHT SKY WITH EXIT WOUNDS,night sky with exit wounds,PROD1178
Mrs. Houdini,30.25,5,MRS. HOUDINI,mrs. houdini,PROD1179
Modern Romance,28.26,5,MODERN ROMANCE,modern romance,PROD1180
Miss Peregrine’s Home for Peculiar Children (Miss Peregrine’s Peculiar Children #1),10.76,1,MISS PEREGRINE’S HOME FOR PECULIAR CHILDREN (MISS PEREGRINE’S PECULIAR CHILDREN #1),miss peregrine’s home for peculiar children (miss peregrine’s peculiar children #1),PROD1181
Louisa: The Extraordinary Life of Mrs. Adams,16.85,2,LOUISA: THE EXTRAORDINARY LIFE OF MRS. ADAMS,louisa: the extraordinary life of mrs. adams,PROD1182
Little Red,13.47,3,LITTLE RED,little red,PROD1183
Library of Souls (Miss Peregrine’s Peculiar Children #3),48.56,5,LIBRARY OF SOULS (MISS PEREGRINE’S PECULIAR CHILDREN #3),library of souls (miss peregrine’s peculiar children #3),PROD1184
Large Print Heart of the Pride,19.15,2,LARGE PRINT HEART OF THE PRIDE,large print heart of the pride,PROD1185
I Had a Nice Time And Other Lies...: How to find love & sh*t like that,57.36,4,I HAD A NICE TIME AND OTHER LIES...: HOW TO FIND LOVE & SH*T LIKE THAT,i had a nice time and other lies...: how to find love & sh*t like that,PROD1186
Hollow City (Miss Peregrine’s Peculiar Children #2),42.98,1,HOLLOW CITY (MISS PEREGRINE’S PECULIAR CHILDREN #2),hollow city (miss peregrine’s peculiar children #2),PROD1187
Grumbles,22.16,2,GRUMBLES,grumbles,PROD1188
Full Moon over Noah’s Ark: An Odyssey to Mount Ararat and Beyond,49.43,4,FULL MOON OVER NOAH’S ARK: AN ODYSSEY TO MOUNT ARARAT AND BEYOND,full moon over noah’s ark: an odyssey to mount ararat and beyond,PROD1189
Frostbite (Vampire Academy #2),29.99,5,FROSTBITE (VAMPIRE ACADEMY #2),frostbite (vampire academy #2),PROD1190
Follow You Home,21.36,1,FOLLOW YOU HOME,follow you home,PROD1191
First Steps for New Christians (Print Edition),29.0,1,FIRST STEPS FOR NEW CHRISTIANS (PRINT EDITION),first steps for new christians (print edition),PROD1192
Finders Keepers (Bill Hodges Trilogy #2),53.53,5,FINDERS KEEPERS (BILL HODGES TRILOGY #2),finders keepers (bill hodges trilogy #2),PROD1193
"Fables, Vol. 1: Legends in Exile (Fables #1)",41.62,4,"FABLES, VOL. 1: LEGENDS IN EXILE (FABLES #1)","fables, vol. 1: legends in exile (fables #1)",PROD1194
Eureka Trivia 6.0,54.59,4,EUREKA TRIVIA 6.0,eureka trivia 6.0,PROD1195
Drive: The Surprising Truth About What Motivates Us,34.95,4,DRIVE: THE SURPRISING TRUTH ABOUT WHAT MOTIVATES US,drive: the surprising truth about what motivates us,PROD1196
Done Rubbed Out (Reightman & Bailey #1),37.72,5,DONE RUBBED OUT (REIGHTMAN & BAILEY #1),done rubbed out (reightman & bailey #1),PROD1197
Doing It Over (Most Likely To #1),35.61,3,DOING IT OVER (MOST LIKELY TO #1),doing it over (most likely to #1),PROD1198
"Deliciously Ella Every Day: Quick and Easy Recipes for Gluten-Free Snacks, Packed Lunches, and Simple Meals",42.16,3,"DELICIOUSLY ELLA EVERY DAY: QUICK AND EASY RECIPES FOR GLUTEN-FREE SNACKS, PACKED LUNCHES, AND SIMPLE MEALS","deliciously ella every day: quick and easy recipes for gluten-free snacks, packed lunches, and simple meals",PROD1199
Dark Notes,19.19,5,DARK NOTES,dark notes,PROD1200
"Daring Greatly: How the Courage to Be Vulnerable Transforms the Way We Live, Love, Parent, and Lead",19.43,3,"DARING GREATLY: HOW THE COURAGE TO BE VULNERABLE TRANSFORMS THE WAY WE LIVE, LOVE, PARENT, AND LEAD","daring greatly: how the courage to be vulnerable transforms the way we live, love, parent, and lead",PROD1201
Close to You,49.46,4,CLOSE TO YOU,close to you,PROD1202
Chasing Heaven: What Dying Taught Me About Living,37.8,2,CHASING HEAVEN: WHAT DYING TAUGHT ME ABOUT LIVING,chasing heaven: what dying taught me about living,PROD1203
Big Magic: Creative Living Beyond Fear,30.8,3,BIG MAGIC: CREATIVE LIVING BEYOND FEAR,big magic: creative living beyond fear,PROD1204
Becoming Wise: An Inquiry into the Mystery and Art of Living,27.43,2,BECOMING WISE: AN INQUIRY INTO THE MYSTERY AND ART OF LIVING,becoming wise: an inquiry into the mystery and art of living,PROD1205
Beauty Restored (Riley Family Legacy Novellas #3),11.11,2,BEAUTY RESTORED (RILEY FAMILY LEGACY NOVELLAS #3),beauty restored (riley family legacy novellas #3),PROD1206
Batman: The Long Halloween (Batman),36.5,2,BATMAN: THE LONG HALLOWEEN (BATMAN),batman: the long halloween (batman),PROD1207
Batman: The Dark Knight Returns (Batman),15.38,5,BATMAN: THE DARK KNIGHT RETURNS (BATMAN),batman: the dark knight returns (batman),PROD1208
Ayumi's Violin,15.48,2,AYUMI'S VIOLIN,ayumi's violin,PROD1209
Anonymous,46.82,4,ANONYMOUS,anonymous,PROD1210
Amy Meets the Saints and Sages,18.46,3,AMY MEETS THE SAINTS AND SAGES,amy meets the saints and sages,PROD1211
Amid the Chaos,36.58,1,AMID THE CHAOS,amid the chaos,PROD1212
Amatus,50.54,5,AMATUS,amatus,PROD1213
Agnostic: A Spirited Manifesto,12.51,5,AGNOSTIC: A SPIRITED MANIFESTO,agnostic: a spirited manifesto,PROD1214
Zealot: The Life and Times of Jesus of Nazareth,24.7,3,ZEALOT: THE LIFE AND TIMES OF JESUS OF NAZARETH,zealot: the life and times of jesus of nazareth,PROD1215
You (You #1),43.61,5,YOU (YOU #1),you (you #1),PROD1216
"Wonder Woman: Earth One, Volume One (Wonder Woman: Earth One #1)",37.34,4,"WONDER WOMAN: EARTH ONE, VOLUME ONE (WONDER WOMAN: EARTH ONE #1)","wonder woman: earth one, volume one (wonder woman: earth one #1)",PROD1217
Wild Swans,14.36,2,WILD SWANS,wild swans,PROD1218
Why the Right Went Wrong: Conservatism--From Goldwater to the Tea Party and Beyond,52.65,4,WHY THE RIGHT WENT WRONG: CONSERVATISM--FROM GOLDWATER TO THE TEA PARTY AND BEYOND,why the right went wrong: conservatism--from goldwater to the tea party and beyond,PROD1219
Whole Lotta Creativity Going On: 60 Fun and Unusual Exercises to Awaken and Strengthen Your Creativity,38.2,4,WHOLE LOTTA CREATIVITY GOING ON: 60 FUN AND UNUSUAL EXERCISES TO AWAKEN AND STRENGTHEN YOUR CREATIVITY,whole lotta creativity going on: 60 fun and unusual exercises to awaken and strengthen your creativity,PROD1220
What's It Like in Space?: Stories from Astronauts Who've Been There,19.6,2,WHAT'S IT LIKE IN SPACE?: STORIES FROM ASTRONAUTS WHO'VE BEEN THERE,what's it like in space?: stories from astronauts who've been there,PROD1221
"We Are Robin, Vol. 1: The Vigilante Business (We Are Robin #1)",53.9,1,"WE ARE ROBIN, VOL. 1: THE VIGILANTE BUSINESS (WE ARE ROBIN #1)","we are robin, vol. 1: the vigilante business (we are robin #1)",PROD1222
Walt Disney's Alice in Wonderland,12.96,5,WALT DISNEY'S ALICE IN WONDERLAND,walt disney's alice in wonderland,PROD1223
V for Vendetta (V for Vendetta Complete),37.1,4,V FOR VENDETTA (V FOR VENDETTA COMPLETE),v for vendetta (v for vendetta complete),PROD1224
Until Friday Night (The Field Party #1),46.31,2,UNTIL FRIDAY NIGHT (THE FIELD PARTY #1),until friday night (the field party #1),PROD1225
"Unbroken: A World War II Story of Survival, Resilience, and Redemption",45.95,2,"UNBROKEN: A WORLD WAR II STORY OF SURVIVAL, RESILIENCE, AND REDEMPTION","unbroken: a world war ii story of survival, resilience, and redemption",PROD1226
Twenty Yawns,22.08,2,TWENTY YAWNS,twenty yawns,PROD1227
Through the Woods,25.38,2,THROUGH THE WOODS,through the woods,PROD1228
This Is Where It Ends,27.12,2,THIS IS WHERE IT ENDS,this is where it ends,PROD1229
The Year of Magical Thinking,43.04,2,THE YEAR OF MAGICAL THINKING,the year of magical thinking,PROD1230
The Wright Brothers,56.8,4,THE WRIGHT BROTHERS,the wright brothers,PROD1231
The White Queen (The Cousins' War #1),25.91,5,THE WHITE QUEEN (THE COUSINS' WAR #1),the white queen (the cousins' war #1),PROD1232
The Wedding Pact (The O'Malleys #2),32.61,3,THE WEDDING PACT (THE O'MALLEYS #2),the wedding pact (the o'malleys #2),PROD1233
The Time Keeper,27.88,5,THE TIME KEEPER,the time keeper,PROD1234
The Testament of Mary,52.67,4,THE TESTAMENT OF MARY,the testament of mary,PROD1235
The Star-Touched Queen,46.02,5,THE STAR-TOUCHED QUEEN,the star-touched queen,PROD1236
The Songs of the Gods,44.48,5,THE SONGS OF THE GODS,the songs of the gods,PROD1237
The Song of Achilles,37.4,5,THE SONG OF ACHILLES,the song of achilles,PROD1238
The Rosie Project (Don Tillman #1),54.04,1,THE ROSIE PROJECT (DON TILLMAN #1),the rosie project (don tillman #1),PROD1239
The Power of Habit: Why We Do What We Do in Life and Business,16.88,3,THE POWER OF HABIT: WHY WE DO WHAT WE DO IN LIFE AND BUSINESS,the power of habit: why we do what we do in life and business,PROD1240
The Marriage of Opposites,28.08,4,THE MARRIAGE OF OPPOSITES,the marriage of opposites,PROD1241
The Lucifer Effect: Understanding How Good People Turn Evil,10.4,1,THE LUCIFER EFFECT: UNDERSTANDING HOW GOOD PEOPLE TURN EVIL,the lucifer effect: understanding how good people turn evil,PROD1242
The Long Haul (Diary of a Wimpy Kid #9),44.07,1,THE LONG HAUL (DIARY OF A WIMPY KID #9),the long haul (diary of a wimpy kid #9),PROD1243
The Loney,23.4,1,THE LONEY,the loney,PROD1244
The Literature Book (Big Ideas Simply Explained),17.43,3,THE LITERATURE BOOK (BIG IDEAS SIMPLY EXPLAINED),the literature book (big ideas simply explained),PROD1245
The Last Mile (Amos Decker #2),54.21,2,THE LAST MILE (AMOS DECKER #2),the last mile (amos decker #2),PROD1246
The Immortal Life of Henrietta Lacks,40.67,2,THE IMMORTAL LIFE OF HENRIETTA LACKS,the immortal life of henrietta lacks,PROD1247
The Hidden Oracle (The Trials of Apollo #1),52.26,2,THE HIDDEN ORACLE (THE TRIALS OF APOLLO #1),the hidden oracle (the trials of apollo #1),PROD1248
The Help Yourself Cookbook for Kids: 60 Easy Plant-Based Recipes Kids Can Make to Stay Healthy and Save the Earth,28.77,3,THE HELP YOURSELF COOKBOOK FOR KIDS: 60 EASY PLANT-BASED RECIPES KIDS CAN MAKE TO STAY HEALTHY AND SAVE THE EARTH,the help yourself cookbook for kids: 60 easy plant-based recipes kids can make to stay healthy and save the earth,PROD1249
The Guilty (Will Robie #4),13.82,2,THE GUILTY (WILL ROBIE #4),the guilty (will robie #4),PROD1250
The First Hostage (J.B. Collins #2),25.85,3,THE FIRST HOSTAGE (J.B. COLLINS #2),the first hostage (j.b. collins #2),PROD1251
The Dovekeepers,48.78,1,THE DOVEKEEPERS,the dovekeepers,PROD1252
The Darkest Lie,35.35,5,THE DARKEST LIE,the darkest lie,PROD1253
The Bane Chronicles (The Bane Chronicles #1-11),44.73,4,THE BANE CHRONICLES (THE BANE CHRONICLES #1-11),the bane chronicles (the bane chronicles #1-11),PROD1254
The Bad-Ass Librarians of Timbuktu: And Their Race to Save the World’s Most Precious Manuscripts,15.77,1,THE BAD-ASS LIBRARIANS OF TIMBUKTU: AND THEIR RACE TO SAVE THE WORLD’S MOST PRECIOUS MANUSCRIPTS,the bad-ass librarians of timbuktu: and their race to save the world’s most precious manuscripts,PROD1255
The 14th Colony (Cotton Malone #11),39.24,1,THE 14TH COLONY (COTTON MALONE #11),the 14th colony (cotton malone #11),PROD1256
That Darkness (Gardiner and Renner #1),13.92,1,THAT DARKNESS (GARDINER AND RENNER #1),that darkness (gardiner and renner #1),PROD1257
Tastes Like Fear (DI Marnie Rome #3),10.69,1,TASTES LIKE FEAR (DI MARNIE ROME #3),tastes like fear (di marnie rome #3),PROD1258
Take Me with You,45.21,3,TAKE ME WITH YOU,take me with you,PROD1259
Swell: A Year of Waves,45.58,1,SWELL: A YEAR OF WAVES,swell: a year of waves,PROD1260
Superman Vol. 1: Before Truth (Superman by Gene Luen Yang #1),11.89,5,SUPERMAN VOL. 1: BEFORE TRUTH (SUPERMAN BY GENE LUEN YANG #1),superman vol. 1: before truth (superman by gene luen yang #1),PROD1261
Still Life with Bread Crumbs,26.41,3,STILL LIFE WITH BREAD CRUMBS,still life with bread crumbs,PROD1262
Steve Jobs,39.5,5,STEVE JOBS,steve jobs,PROD1263
Sorting the Beef from the Bull: The Science of Food Fraud Forensics,44.74,4,SORTING THE BEEF FROM THE BULL: THE SCIENCE OF FOOD FRAUD FORENSICS,sorting the beef from the bull: the science of food fraud forensics,PROD1264
Someone Like You (The Harrisons #2),52.79,5,SOMEONE LIKE YOU (THE HARRISONS #2),someone like you (the harrisons #2),PROD1265
"So Cute It Hurts!!, Vol. 6 (So Cute It Hurts!! #6)",35.43,4,"SO CUTE IT HURTS!!, VOL. 6 (SO CUTE IT HURTS!! #6)","so cute it hurts!!, vol. 6 (so cute it hurts!! #6)",PROD1266
Shtum,55.84,4,SHTUM,shtum,PROD1267
See America: A Celebration of Our National Parks & Treasured Sites,48.87,3,SEE AMERICA: A CELEBRATION OF OUR NATIONAL PARKS & TREASURED SITES,see america: a celebration of our national parks & treasured sites,PROD1268
salt.,46.78,4,SALT.,salt.,PROD1269
Robin War,47.82,3,ROBIN WAR,robin war,PROD1270
"Red Hood/Arsenal, Vol. 1: Open for Business (Red Hood/Arsenal #1)",25.48,2,"RED HOOD/ARSENAL, VOL. 1: OPEN FOR BUSINESS (RED HOOD/ARSENAL #1)","red hood/arsenal, vol. 1: open for business (red hood/arsenal #1)",PROD1271
Rain Fish,23.57,3,RAIN FISH,rain fish,PROD1272
"Quarter Life Poetry: Poems for the Young, Broke and Hangry",50.89,5,"QUARTER LIFE POETRY: POEMS FOR THE YOUNG, BROKE AND HANGRY","quarter life poetry: poems for the young, broke and hangry",PROD1273
Pet Sematary,10.56,3,PET SEMATARY,pet sematary,PROD1274
"Overload: How to Unplug, Unwind, and Unleash Yourself from the Pressure of Stress",52.15,3,"OVERLOAD: HOW TO UNPLUG, UNWIND, AND UNLEASH YOURSELF FROM THE PRESSURE OF STRESS","overload: how to unplug, unwind, and unleash yourself from the pressure of stress",PROD1275
Once Was a Time,18.28,2,ONCE WAS A TIME,once was a time,PROD1276
Old School (Diary of a Wimpy Kid #10),11.83,5,OLD SCHOOL (DIARY OF A WIMPY KID #10),old school (diary of a wimpy kid #10),PROD1277
No Dream Is Too High: Life Lessons From a Man Who Walked on the Moon,21.95,2,NO DREAM IS TOO HIGH: LIFE LESSONS FROM A MAN WHO WALKED ON THE MOON,no dream is too high: life lessons from a man who walked on the moon,PROD1278
"Naruto (3-in-1 Edition), Vol. 14: Includes Vols. 40, 41 & 42 (Naruto: Omnibus #14)",38.39,2,"NARUTO (3-IN-1 EDITION), VOL. 14: INCLUDES VOLS. 40, 41 & 42 (NARUTO: OMNIBUS #14)","naruto (3-in-1 edition), vol. 14: includes vols. 40, 41 & 42 (naruto: omnibus #14)",PROD1279
My Name Is Lucy Barton,41.56,1,MY NAME IS LUCY BARTON,my name is lucy barton,PROD1280
My Mrs. Brown,24.48,3,MY MRS. BROWN,my mrs. brown,PROD1281
My Kind of Crazy,40.36,1,MY KIND OF CRAZY,my kind of crazy,PROD1282
Mr. Mercedes (Bill Hodges Trilogy #1),28.9,1,MR. MERCEDES (BILL HODGES TRILOGY #1),mr. mercedes (bill hodges trilogy #1),PROD1283
More Than Music (Chasing the Dream #1),37.61,2,MORE THAN MUSIC (CHASING THE DREAM #1),more than music (chasing the dream #1),PROD1284
Made to Stick: Why Some Ideas Survive and Others Die,38.85,5,MADE TO STICK: WHY SOME IDEAS SURVIVE AND OTHERS DIE,made to stick: why some ideas survive and others die,PROD1285
Luis Paints the World,53.95,3,LUIS PAINTS THE WORLD,luis paints the world,PROD1286
Luckiest Girl Alive,49.83,3,LUCKIEST GIRL ALIVE,luckiest girl alive,PROD1287
Lowriders to the Center of the Earth (Lowriders in Space #2),51.51,2,LOWRIDERS TO THE CENTER OF THE EARTH (LOWRIDERS IN SPACE #2),lowriders to the center of the earth (lowriders in space #2),PROD1288
Love Is a Mix Tape (Music #1),18.03,1,LOVE IS A MIX TAPE (MUSIC #1),love is a mix tape (music #1),PROD1289
Looking for Lovely: Collecting the Moments that Matter,29.14,5,LOOKING FOR LOVELY: COLLECTING THE MOMENTS THAT MATTER,looking for lovely: collecting the moments that matter,PROD1290
"Living Leadership by Insight: A Good Leader Achieves, a Great Leader Builds Monuments",46.91,4,"LIVING LEADERSHIP BY INSIGHT: A GOOD LEADER ACHIEVES, A GREAT LEADER BUILDS MONUMENTS","living leadership by insight: a good leader achieves, a great leader builds monuments",PROD1291
Let It Out: A Journey Through Journaling,26.79,5,LET IT OUT: A JOURNEY THROUGH JOURNALING,let it out: a journey through journaling,PROD1292
Lady Midnight (The Dark Artifices #1),16.28,5,LADY MIDNIGHT (THE DARK ARTIFICES #1),lady midnight (the dark artifices #1),PROD1293
"It's All Easy: Healthy, Delicious Weeknight Meals in under 30 Minutes",19.55,1,"IT'S ALL EASY: HEALTHY, DELICIOUS WEEKNIGHT MEALS IN UNDER 30 MINUTES","it's all easy: healthy, delicious weeknight meals in under 30 minutes",PROD1294
Island of Dragons (Unwanteds #7),29.65,1,ISLAND OF DRAGONS (UNWANTEDS #7),island of dragons (unwanteds #7),PROD1295
I Know What I'm Doing -- and Other Lies I Tell Myself: Dispatches from a Life Under Construction,25.98,4,I KNOW WHAT I'M DOING -- AND OTHER LIES I TELL MYSELF: DISPATCHES FROM A LIFE UNDER CONSTRUCTION,i know what i'm doing -- and other lies i tell myself: dispatches from a life under construction,PROD1296
I Am Pilgrim (Pilgrim #1),10.6,4,I AM PILGRIM (PILGRIM #1),i am pilgrim (pilgrim #1),PROD1297
"Hyperbole and a Half: Unfortunate Situations, Flawed Coping Mechanisms, Mayhem, and Other Things That Happened",14.75,5,"HYPERBOLE AND A HALF: UNFORTUNATE SITUATIONS, FLAWED COPING MECHANISMS, MAYHEM, AND OTHER THINGS THAT HAPPENED","hyperbole and a half: unfortunate situations, flawed coping mechanisms, mayhem, and other things that happened",PROD1298
"Hush, Hush (Hush, Hush #1)",47.02,3,"HUSH, HUSH (HUSH, HUSH #1)","hush, hush (hush, hush #1)",PROD1299
Hold Your Breath (Search and Rescue #1),28.82,1,HOLD YOUR BREATH (SEARCH AND RESCUE #1),hold your breath (search and rescue #1),PROD1300
Hamilton: The Revolution,58.79,3,HAMILTON: THE REVOLUTION,hamilton: the revolution,PROD1301
Greek Mythic History,10.23,5,GREEK MYTHIC HISTORY,greek mythic history,PROD1302
God: The Most Unpleasant Character in All Fiction,30.03,5,GOD: THE MOST UNPLEASANT CHARACTER IN ALL FICTION,god: the most unpleasant character in all fiction,PROD1303
Glory over Everything: Beyond The Kitchen House,45.84,3,GLORY OVER EVERYTHING: BEYOND THE KITCHEN HOUSE,glory over everything: beyond the kitchen house,PROD1304
Feathers: Displays of Brilliant Plumage,49.05,3,FEATHERS: DISPLAYS OF BRILLIANT PLUMAGE,feathers: displays of brilliant plumage,PROD1305
"Far & Away: Places on the Brink of Change: Seven Continents, Twenty-Five Years",15.06,4,"FAR & AWAY: PLACES ON THE BRINK OF CHANGE: SEVEN CONTINENTS, TWENTY-FIVE YEARS","far & away: places on the brink of change: seven continents, twenty-five years",PROD1306
Every Last Word,46.47,3,EVERY LAST WORD,every last word,PROD1307
Eligible (The Austen Project #4),27.09,3,ELIGIBLE (THE AUSTEN PROJECT #4),eligible (the austen project #4),PROD1308
El Deafo,57.62,5,EL DEAFO,el deafo,PROD1309
Eight Hundred Grapes,14.39,4,EIGHT HUNDRED GRAPES,eight hundred grapes,PROD1310
"Eaternity: More than 150 Deliciously Easy Vegan Recipes for a Long, Healthy, Satisfied, Joyful Life",51.75,5,"EATERNITY: MORE THAN 150 DELICIOUSLY EASY VEGAN RECIPES FOR A LONG, HEALTHY, SATISFIED, JOYFUL LIFE","eaternity: more than 150 deliciously easy vegan recipes for a long, healthy, satisfied, joyful life",PROD1311
"Eat Fat, Get Thin",54.07,2,"EAT FAT, GET THIN","eat fat, get thin",PROD1312
Don't Get Caught,55.35,1,DON'T GET CAUGHT,don't get caught,PROD1313
Doctor Sleep (The Shining #2),40.12,2,DOCTOR SLEEP (THE SHINING #2),doctor sleep (the shining #2),PROD1314
Demigods & Magicians: Percy and Annabeth Meet the Kanes (Percy Jackson & Kane Chronicles Crossover #1-3),37.51,5,DEMIGODS & MAGICIANS: PERCY AND ANNABETH MEET THE KANES (PERCY JACKSON & KANE CHRONICLES CROSSOVER #1-3),demigods & magicians: percy and annabeth meet the kanes (percy jackson & kane chronicles crossover #1-3),PROD1315
Dear Mr. Knightley,11.21,5,DEAR MR. KNIGHTLEY,dear mr. knightley,PROD1316
Daily Fantasy Sports,36.58,1,DAILY FANTASY SPORTS,daily fantasy sports,PROD1317
Crazy Love: Overwhelmed by a Relentless God,47.72,2,CRAZY LOVE: OVERWHELMED BY A RELENTLESS GOD,crazy love: overwhelmed by a relentless god,PROD1318
Cometh the Hour (The Clifton Chronicles #6),25.01,3,COMETH THE HOUR (THE CLIFTON CHRONICLES #6),cometh the hour (the clifton chronicles #6),PROD1319
Code Name Verity (Code Name Verity #1),22.13,4,CODE NAME VERITY (CODE NAME VERITY #1),code name verity (code name verity #1),PROD1320
Clockwork Angel (The Infernal Devices #1),44.14,1,CLOCKWORK ANGEL (THE INFERNAL DEVICES #1),clockwork angel (the infernal devices #1),PROD1321
City of Glass (The Mortal Instruments #3),56.02,4,CITY OF GLASS (THE MORTAL INSTRUMENTS #3),city of glass (the mortal instruments #3),PROD1322
City of Fallen Angels (The Mortal Instruments #4),11.23,4,CITY OF FALLEN ANGELS (THE MORTAL INSTRUMENTS #4),city of fallen angels (the mortal instruments #4),PROD1323
City of Bones (The Mortal Instruments #1),43.28,1,CITY OF BONES (THE MORTAL INSTRUMENTS #1),city of bones (the mortal instruments #1),PROD1324
City of Ashes (The Mortal Instruments #2),47.27,1,CITY OF ASHES (THE MORTAL INSTRUMENTS #2),city of ashes (the mortal instruments #2),PROD1325
Cell,20.29,4,CELL,cell,PROD1326
Catching Jordan (Hundred Oaks),50.83,3,CATCHING JORDAN (HUNDRED OAKS),catching jordan (hundred oaks),PROD1327
"Carry On, Warrior: Thoughts on Life Unarmed",31.85,3,"CARRY ON, WARRIOR: THOUGHTS ON LIFE UNARMED","carry on, warrior: thoughts on life unarmed",PROD1328
Carrie,46.23,2,CARRIE,carrie,PROD1329
Buying In: The Secret Dialogue Between What We Buy and Who We Are,37.8,4,BUYING IN: THE SECRET DIALOGUE BETWEEN WHAT WE BUY AND WHO WE ARE,buying in: the secret dialogue between what we buy and who we are,PROD1330
Brain on Fire: My Month of Madness,49.32,5,BRAIN ON FIRE: MY MONTH OF MADNESS,brain on fire: my month of madness,PROD1331
Batman: Europa,32.01,2,BATMAN: EUROPA,batman: europa,PROD1332
Barefoot Contessa Back to Basics,28.01,1,BAREFOOT CONTESSA BACK TO BASICS,barefoot contessa back to basics,PROD1333
Barefoot Contessa at Home: Everyday Recipes You'll Make Over and Over Again,50.62,5,BAREFOOT CONTESSA AT HOME: EVERYDAY RECIPES YOU'LL MAKE OVER AND OVER AGAIN,barefoot contessa at home: everyday recipes you'll make over and over again,PROD1334
Balloon Animals,17.03,3,BALLOON ANIMALS,balloon animals,PROD1335
Art Ops Vol. 1,48.8,3,ART OPS VOL. 1,art ops vol. 1,PROD1336
Aristotle and Dante Discover the Secrets of the Universe (Aristotle and Dante Discover the Secrets of the Universe #1),58.14,4,ARISTOTLE AND DANTE DISCOVER THE SECRETS OF THE UNIVERSE (ARISTOTLE AND DANTE DISCOVER THE SECRETS OF THE UNIVERSE #1),aristotle and dante discover the secrets of the universe (aristotle and dante discover the secrets of the universe #1),PROD1337
Angels Walking (Angels Walking #1),34.2,2,ANGELS WALKING (ANGELS WALKING #1),angels walking (angels walking #1),PROD1338
Angels & Demons (Robert Langdon #1),51.48,3,ANGELS & DEMONS (ROBERT LANGDON #1),angels & demons (robert langdon #1),PROD1339
All the Light We Cannot See,29.87,5,ALL THE LIGHT WE CANNOT SEE,all the light we cannot see,PROD1340
"Adulthood Is a Myth: A ""Sarah's Scribbles"" Collection",10.9,2,"ADULTHOOD IS A MYTH: A ""SARAH'S SCRIBBLES"" COLLECTION","adulthood is a myth: a ""sarah's scribbles"" collection",PROD1341
Abstract City,56.37,5,ABSTRACT CITY,abstract city,PROD1342
A Time of Torment (Charlie Parker #14),48.35,5,A TIME OF TORMENT (CHARLIE PARKER #14),a time of torment (charlie parker #14),PROD1343
A Study in Scarlet (Sherlock Holmes #1),16.73,2,A STUDY IN SCARLET (SHERLOCK HOLMES #1),a study in scarlet (sherlock holmes #1),PROD1344
"A Series of Catastrophes and Miracles: A True Story of Love, Science, and Cancer",56.48,2,"A SERIES OF CATASTROPHES AND MIRACLES: A TRUE STORY OF LOVE, SCIENCE, AND CANCER","a series of catastrophes and miracles: a true story of love, science, and cancer",PROD1345
A People's History of the United States,40.79,2,A PEOPLE'S HISTORY OF THE UNITED STATES,a people's history of the united states,PROD1346
A Man Called Ove,39.72,1,A MAN CALLED OVE,a man called ove,PROD1347
A Distant Mirror: The Calamitous 14th Century,14.58,3,A DISTANT MIRROR: THE CALAMITOUS 14TH CENTURY,a distant mirror: the calamitous 14th century,PROD1348
A Brush of Wings (Angels Walking #3),55.51,1,A BRUSH OF WINGS (ANGELS WALKING #3),a brush of wings (angels walking #3),PROD1349
1491: New Revelations of the Americas Before Columbus,21.8,3,1491: NEW REVELATIONS OF THE AMERICAS BEFORE COLUMBUS,1491: new revelations of the americas before columbus,PROD1350
"The Three Searches, Meaning, and the Story",13.33,3,"THE THREE SEARCHES, MEANING, AND THE STORY","the three searches, meaning, and the story",PROD1351
Searching for Meaning in Gailana,38.73,1,SEARCHING FOR MEANING IN GAILANA,searching for meaning in gailana,PROD1352
Rook,37.86,4,ROOK,rook,PROD1353
My Kitchen Year: 136 Recipes That Saved My Life,11.53,2,MY KITCHEN YEAR: 136 RECIPES THAT SAVED MY LIFE,my kitchen year: 136 recipes that saved my life,PROD1354
13 Hours: The Inside Account of What Really Happened In Benghazi,27.06,1,13 HOURS: THE INSIDE ACCOUNT OF WHAT REALLY HAPPENED IN BENGHAZI,13 hours: the inside account of what really happened in benghazi,PROD1355
Will You Won't You Want Me?,13.86,3,WILL YOU WON'T YOU WANT ME?,will you won't you want me?,PROD1356
Tipping Point for Planet Earth: How Close Are We to the Edge?,37.55,1,TIPPING POINT FOR PLANET EARTH: HOW CLOSE ARE WE TO THE EDGE?,tipping point for planet earth: how close are we to the edge?,PROD1357
The Star-Touched Queen,32.3,5,THE STAR-TOUCHED QUEEN,the star-touched queen,PROD1358
The Silent Sister (Riley MacPherson #1),46.29,5,THE SILENT SISTER (RILEY MACPHERSON #1),the silent sister (riley macpherson #1),PROD1359
The Midnight Watch: A Novel of the Titanic and the Californian,26.2,1,THE MIDNIGHT WATCH: A NOVEL OF THE TITANIC AND THE CALIFORNIAN,the midnight watch: a novel of the titanic and the californian,PROD1360
The Lonely City: Adventures in the Art of Being Alone,33.26,2,THE LONELY CITY: ADVENTURES IN THE ART OF BEING ALONE,the lonely city: adventures in the art of being alone,PROD1361
The Gray Rhino: How to Recognize and Act on the Obvious Dangers We Ignore,59.15,4,THE GRAY RHINO: HOW TO RECOGNIZE AND ACT ON THE OBVIOUS DANGERS WE IGNORE,the gray rhino: how to recognize and act on the obvious dangers we ignore,PROD1362
The Golden Condom: And Other Essays on Love Lost and Found,39.43,1,THE GOLDEN CONDOM: AND OTHER ESSAYS ON LOVE LOST AND FOUND,the golden condom: and other essays on love lost and found,PROD1363
The Epidemic (The Program 0.6),14.44,5,THE EPIDEMIC (THE PROGRAM 0.6),the epidemic (the program 0.6),PROD1364
The Dinner Party,56.54,2,THE DINNER PARTY,the dinner party,PROD1365
The Diary of a Young Girl,59.9,3,THE DIARY OF A YOUNG GIRL,the diary of a young girl,PROD1366
The Children,11.88,3,THE CHILDREN,the children,PROD1367
Stars Above (The Lunar Chronicles #4.5),48.05,2,STARS ABOVE (THE LUNAR CHRONICLES #4.5),stars above (the lunar chronicles #4.5),PROD1368
Snatched: How A Drug Queen Went Undercover for the DEA and Was Kidnapped By Colombian Guerillas,21.21,3,SNATCHED: HOW A DRUG QUEEN WENT UNDERCOVER FOR THE DEA AND WAS KIDNAPPED BY COLOMBIAN GUERILLAS,snatched: how a drug queen went undercover for the dea and was kidnapped by colombian guerillas,PROD1369
Raspberry Pi Electronics Projects for the Evil Genius,49.67,4,RASPBERRY PI ELECTRONICS PROJECTS FOR THE EVIL GENIUS,raspberry pi electronics projects for the evil genius,PROD1370
Quench Your Own Thirst: Business Lessons Learned Over a Beer or Two,43.14,1,QUENCH YOUR OWN THIRST: BUSINESS LESSONS LEARNED OVER A BEER OR TWO,quench your own thirst: business lessons learned over a beer or two,PROD1371
Psycho: Sanitarium (Psycho #1.5),36.97,5,PSYCHO: SANITARIUM (PSYCHO #1.5),psycho: sanitarium (psycho #1.5),PROD1372
Poisonous (Max Revere Novels #3),26.8,3,POISONOUS (MAX REVERE NOVELS #3),poisonous (max revere novels #3),PROD1373
One with You (Crossfire #5),15.71,4,ONE WITH YOU (CROSSFIRE #5),one with you (crossfire #5),PROD1374
No Love Allowed (Dodge Cove #1),54.65,4,NO LOVE ALLOWED (DODGE COVE #1),no love allowed (dodge cove #1),PROD1375
Murder at the 42nd Street Library (Raymond Ambler #1),54.36,4,MURDER AT THE 42ND STREET LIBRARY (RAYMOND AMBLER #1),murder at the 42nd street library (raymond ambler #1),PROD1376
Most Wanted,35.28,3,MOST WANTED,most wanted,PROD1377
"Love, Lies and Spies",20.55,2,"LOVE, LIES AND SPIES","love, lies and spies",PROD1378
How to Speak Golf: An Illustrated Guide to Links Lingo,58.32,5,HOW TO SPEAK GOLF: AN ILLUSTRATED GUIDE TO LINKS LINGO,how to speak golf: an illustrated guide to links lingo,PROD1379
Hide Away (Eve Duncan #20),11.84,1,HIDE AWAY (EVE DUNCAN #20),hide away (eve duncan #20),PROD1380
Furiously Happy: A Funny Book About Horrible Things,41.46,4,FURIOUSLY HAPPY: A FUNNY BOOK ABOUT HORRIBLE THINGS,furiously happy: a funny book about horrible things,PROD1381
Everyday Italian: 125 Simple and Delicious Recipes,20.1,5,EVERYDAY ITALIAN: 125 SIMPLE AND DELICIOUS RECIPES,everyday italian: 125 simple and delicious recipes,PROD1382
Equal Is Unfair: America's Misguided Fight Against Income Inequality,56.86,1,EQUAL IS UNFAIR: AMERICA'S MISGUIDED FIGHT AGAINST INCOME INEQUALITY,equal is unfair: america's misguided fight against income inequality,PROD1383
Eleanor & Park,56.51,5,ELEANOR & PARK,eleanor & park,PROD1384
Dirty (Dive Bar #1),40.83,4,DIRTY (DIVE BAR #1),dirty (dive bar #1),PROD1385
Can You Keep a Secret? (Fear Street Relaunch #4),48.64,1,CAN YOU KEEP A SECRET? (FEAR STREET RELAUNCH #4),can you keep a secret? (fear street relaunch #4),PROD1386
Boar Island (Anna Pigeon #19),59.48,3,BOAR ISLAND (ANNA PIGEON #19),boar island (anna pigeon #19),PROD1387
A Paris Apartment,39.01,4,A PARIS APARTMENT,a paris apartment,PROD1388
"A la Mode: 120 Recipes in 60 Pairings: Pies, Tarts, Cakes, Crisps, and More Topped with Ice Cream, Gelato, Frozen Custard, and More",38.77,1,"A LA MODE: 120 RECIPES IN 60 PAIRINGS: PIES, TARTS, CAKES, CRISPS, AND MORE TOPPED WITH ICE CREAM, GELATO, FROZEN CUSTARD, AND MORE","a la mode: 120 recipes in 60 pairings: pies, tarts, cakes, crisps, and more topped with ice cream, gelato, frozen custard, and more",PROD1389
Troublemaker: Surviving Hollywood and Scientology,48.39,2,TROUBLEMAKER: SURVIVING HOLLYWOOD AND SCIENTOLOGY,troublemaker: surviving hollywood and scientology,PROD1390
The Widow,27.26,2,THE WIDOW,the widow,PROD1391
"The Sleep Revolution: Transforming Your Life, One Night at a Time",11.68,4,"THE SLEEP REVOLUTION: TRANSFORMING YOUR LIFE, ONE NIGHT AT A TIME","the sleep revolution: transforming your life, one night at a time",PROD1392
The Improbability of Love,59.45,1,THE IMPROBABILITY OF LOVE,the improbability of love,PROD1393
The Art of Startup Fundraising,21.0,3,THE ART OF STARTUP FUNDRAISING,the art of startup fundraising,PROD1394
Take Me Home Tonight (Rock Star Romance #3),53.98,3,TAKE ME HOME TONIGHT (ROCK STAR ROMANCE #3),take me home tonight (rock star romance #3),PROD1395
Sleeping Giants (Themis Files #1),48.74,1,SLEEPING GIANTS (THEMIS FILES #1),sleeping giants (themis files #1),PROD1396
"Setting the World on Fire: The Brief, Astonishing Life of St. Catherine of Siena",21.15,2,"SETTING THE WORLD ON FIRE: THE BRIEF, ASTONISHING LIFE OF ST. CATHERINE OF SIENA","setting the world on fire: the brief, astonishing life of st. catherine of siena",PROD1397
Playing with Fire,13.71,3,PLAYING WITH FIRE,playing with fire,PROD1398
Off the Hook (Fishing for Trouble #1),47.67,3,OFF THE HOOK (FISHING FOR TROUBLE #1),off the hook (fishing for trouble #1),PROD1399
Mothering Sunday,13.34,2,MOTHERING SUNDAY,mothering sunday,PROD1400
"Mother, Can You Not?",16.89,5,"MOTHER, CAN YOU NOT?","mother, can you not?",PROD1401
M Train,27.18,1,M TRAIN,m train,PROD1402
Lilac Girls,17.28,2,LILAC GIRLS,lilac girls,PROD1403
Lies and Other Acts of Love,45.14,1,LIES AND OTHER ACTS OF LOVE,lies and other acts of love,PROD1404
Lab Girl,40.85,1,LAB GIRL,lab girl,PROD1405
Keep Me Posted,20.46,4,KEEP ME POSTED,keep me posted,PROD1406
It Didn't Start with You: How Inherited Family Trauma Shapes Who We Are and How to End the Cycle,56.27,3,IT DIDN'T START WITH YOU: HOW INHERITED FAMILY TRAUMA SHAPES WHO WE ARE AND HOW TO END THE CYCLE,it didn't start with you: how inherited family trauma shapes who we are and how to end the cycle,PROD1407
Grey (Fifty Shades #4),48.49,4,GREY (FIFTY SHADES #4),grey (fifty shades #4),PROD1408
"Exit, Pursued by a Bear",51.34,4,"EXIT, PURSUED BY A BEAR","exit, pursued by a bear",PROD1409
Daredevils,16.34,3,DAREDEVILS,daredevils,PROD1410
Cravings: Recipes for What You Want to Eat,20.5,3,CRAVINGS: RECIPES FOR WHAT YOU WANT TO EAT,cravings: recipes for what you want to eat,PROD1411
Born for This: How to Find the Work You Were Meant to Do,21.59,5,BORN FOR THIS: HOW TO FIND THE WORK YOU WERE MEANT TO DO,born for this: how to find the work you were meant to do,PROD1412
Arena,21.36,4,ARENA,arena,PROD1413
Adultery,20.88,5,ADULTERY,adultery,PROD1414
A Mother's Reckoning: Living in the Aftermath of Tragedy,19.53,3,A MOTHER'S RECKONING: LIVING IN THE AFTERMATH OF TRAGEDY,a mother's reckoning: living in the aftermath of tragedy,PROD1415
A Gentleman's Position (Society of Gentlemen #3),14.75,5,A GENTLEMAN'S POSITION (SOCIETY OF GENTLEMEN #3),a gentleman's position (society of gentlemen #3),PROD1416
11/22/63,48.48,3,11/22/63,11/22/63,PROD1417
"10% Happier: How I Tamed the Voice in My Head, Reduced Stress Without Losing My Edge, and Found Self-Help That Actually Works",24.57,2,"10% HAPPIER: HOW I TAMED THE VOICE IN MY HEAD, REDUCED STRESS WITHOUT LOSING MY EDGE, AND FOUND SELF-HELP THAT ACTUALLY WORKS","10% happier: how i tamed the voice in my head, reduced stress without losing my edge, and found self-help that actually works",PROD1418
10-Day Green Smoothie Cleanse: Lose Up to 15 Pounds in 10 Days!,49.71,5,10-DAY GREEN SMOOTHIE CLEANSE: LOSE UP TO 15 POUNDS IN 10 DAYS!,10-day green smoothie cleanse: lose up to 15 pounds in 10 days!,PROD1419
Without Shame,48.27,5,WITHOUT SHAME,without shame,PROD1420
Watchmen,58.05,4,WATCHMEN,watchmen,PROD1421
Unlimited Intuition Now,58.87,4,UNLIMITED INTUITION NOW,unlimited intuition now,PROD1422
Underlying Notes,11.82,2,UNDERLYING NOTES,underlying notes,PROD1423
The Shack,28.03,1,THE SHACK,the shack,PROD1424
The New Brand You: Your New Image Makes the Sale for You,44.05,5,THE NEW BRAND YOU: YOUR NEW IMAGE MAKES THE SALE FOR YOU,the new brand you: your new image makes the sale for you,PROD1425
"The Moosewood Cookbook: Recipes from Moosewood Restaurant, Ithaca, New York",12.34,4,"THE MOOSEWOOD COOKBOOK: RECIPES FROM MOOSEWOOD RESTAURANT, ITHACA, NEW YORK","the moosewood cookbook: recipes from moosewood restaurant, ithaca, new york",PROD1426
The Flowers Lied,16.68,2,THE FLOWERS LIED,the flowers lied,PROD1427
"The Fabric of the Cosmos: Space, Time, and the Texture of Reality",55.91,1,"THE FABRIC OF THE COSMOS: SPACE, TIME, AND THE TEXTURE OF REALITY","the fabric of the cosmos: space, time, and the texture of reality",PROD1428
The Book of Mormon,24.57,3,THE BOOK OF MORMON,the book of mormon,PROD1429
The Art and Science of Low Carbohydrate Living,52.98,5,THE ART AND SCIENCE OF LOW CARBOHYDRATE LIVING,the art and science of low carbohydrate living,PROD1430
The Alien Club,54.4,1,THE ALIEN CLUB,the alien club,PROD1431
Suzie Snowflake: One beautiful flake (a self-esteem story),54.81,5,SUZIE SNOWFLAKE: ONE BEAUTIFUL FLAKE (A SELF-ESTEEM STORY),suzie snowflake: one beautiful flake (a self-esteem story),PROD1432
Nap-a-Roo,25.08,1,NAP-A-ROO,nap-a-roo,PROD1433
"NaNo What Now? Finding your editing process, revising your NaNoWriMo book and building a writing career through publishing and beyond",10.41,4,"NANO WHAT NOW? FINDING YOUR EDITING PROCESS, REVISING YOUR NANOWRIMO BOOK AND BUILDING A WRITING CAREER THROUGH PUBLISHING AND BEYOND","nano what now? finding your editing process, revising your nanowrimo book and building a writing career through publishing and beyond",PROD1434
Modern Day Fables,47.44,2,MODERN DAY FABLES,modern day fables,PROD1435
If I Gave You God's Phone Number....: Searching for Spirituality in America,20.91,1,IF I GAVE YOU GOD'S PHONE NUMBER....: SEARCHING FOR SPIRITUALITY IN AMERICA,if i gave you god's phone number....: searching for spirituality in america,PROD1436
"Fruits Basket, Vol. 9 (Fruits Basket #9)",33.95,4,"FRUITS BASKET, VOL. 9 (FRUITS BASKET #9)","fruits basket, vol. 9 (fruits basket #9)",PROD1437
Dress Your Family in Corduroy and Denim,43.68,3,DRESS YOUR FAMILY IN CORDUROY AND DENIM,dress your family in corduroy and denim,PROD1438
Don't Forget Steven,33.23,1,DON'T FORGET STEVEN,don't forget steven,PROD1439
Chernobyl 01:23:40: The Incredible True Story of the World's Worst Nuclear Disaster,35.92,2,CHERNOBYL 01:23:40: THE INCREDIBLE TRUE STORY OF THE WORLD'S WORST NUCLEAR DISASTER,chernobyl 01:23:40: the incredible true story of the world's worst nuclear disaster,PROD1440
Art and Fear: Observations on the Perils (and Rewards) of Artmaking,48.63,4,ART AND FEAR: OBSERVATIONS ON THE PERILS (AND REWARDS) OF ARTMAKING,art and fear: observations on the perils (and rewards) of artmaking,PROD1441
A Shard of Ice (The Black Symphony Saga #1),56.63,3,A SHARD OF ICE (THE BLACK SYMPHONY SAGA #1),a shard of ice (the black symphony saga #1),PROD1442
A Hero's Curse (The Unseen Chronicles #1),50.49,3,A HERO'S CURSE (THE UNSEEN CHRONICLES #1),a hero's curse (the unseen chronicles #1),PROD1443
23 Degrees South: A Tropical Tale of Changing Whether...,35.79,2,23 DEGREES SOUTH: A TROPICAL TALE OF CHANGING WHETHER...,23 degrees south: a tropical tale of changing whether...,PROD1444
"Zero to One: Notes on Startups, or How to Build the Future",34.06,3,"ZERO TO ONE: NOTES ON STARTUPS, OR HOW TO BUILD THE FUTURE","zero to one: notes on startups, or how to build the future",PROD1445
Why Not Me?,17.76,1,WHY NOT ME?,why not me?,PROD1446
When Breath Becomes Air,39.36,2,WHEN BREATH BECOMES AIR,when breath becomes air,PROD1447
Vagabonding: An Uncommon Guide to the Art of Long-Term World Travel,36.94,2,VAGABONDING: AN UNCOMMON GUIDE TO THE ART OF LONG-TERM WORLD TRAVEL,vagabonding: an uncommon guide to the art of long-term world travel,PROD1448
The Unlikely Pilgrimage of Harold Fry (Harold Fry #1),43.62,5,THE UNLIKELY PILGRIMAGE OF HAROLD FRY (HAROLD FRY #1),the unlikely pilgrimage of harold fry (harold fry #1),PROD1449
The New Drawing on the Right Side of the Brain,43.02,3,THE NEW DRAWING ON THE RIGHT SIDE OF THE BRAIN,the new drawing on the right side of the brain,PROD1450
"The Midnight Assassin: Panic, Scandal, and the Hunt for America's First Serial Killer",28.45,4,"THE MIDNIGHT ASSASSIN: PANIC, SCANDAL, AND THE HUNT FOR AMERICA'S FIRST SERIAL KILLER","the midnight assassin: panic, scandal, and the hunt for america's first serial killer",PROD1451
The Martian (The Martian #1),41.39,2,THE MARTIAN (THE MARTIAN #1),the martian (the martian #1),PROD1452
The High Mountains of Portugal,51.15,1,THE HIGH MOUNTAINS OF PORTUGAL,the high mountains of portugal,PROD1453
The Grownup,35.88,1,THE GROWNUP,the grownup,PROD1454
The E-Myth Revisited: Why Most Small Businesses Don't Work and What to Do About It,36.91,1,THE E-MYTH REVISITED: WHY MOST SMALL BUSINESSES DON'T WORK AND WHAT TO DO ABOUT IT,the e-myth revisited: why most small businesses don't work and what to do about it,PROD1455
South of Sunshine,28.93,1,SOUTH OF SUNSHINE,south of sunshine,PROD1456
Smarter Faster Better: The Secrets of Being Productive in Life and Business,38.89,5,SMARTER FASTER BETTER: THE SECRETS OF BEING PRODUCTIVE IN LIFE AND BUSINESS,smarter faster better: the secrets of being productive in life and business,PROD1457
Silence in the Dark (Logan Point #4),58.33,3,SILENCE IN THE DARK (LOGAN POINT #4),silence in the dark (logan point #4),PROD1458
Shadows of the Past (Logan Point #1),39.67,5,SHADOWS OF THE PAST (LOGAN POINT #1),shadows of the past (logan point #1),PROD1459
Roller Girl,14.1,5,ROLLER GIRL,roller girl,PROD1460
Rising Strong,21.82,3,RISING STRONG,rising strong,PROD1461
Proofs of God: Classical Arguments from Tertullian to Barth,54.21,1,PROOFS OF GOD: CLASSICAL ARGUMENTS FROM TERTULLIAN TO BARTH,proofs of god: classical arguments from tertullian to barth,PROD1462
Please Kill Me: The Uncensored Oral History of Punk,31.19,4,PLEASE KILL ME: THE UNCENSORED ORAL HISTORY OF PUNK,please kill me: the uncensored oral history of punk,PROD1463
Out of Print: City Lights Spotlight No. 14,53.64,5,OUT OF PRINT: CITY LIGHTS SPOTLIGHT NO. 14,out of print: city lights spotlight no. 14,PROD1464
My Life Next Door (My Life Next Door ),36.39,5,MY LIFE NEXT DOOR (MY LIFE NEXT DOOR ),my life next door (my life next door ),PROD1465
Miller's Valley,58.54,2,MILLER'S VALLEY,miller's valley,PROD1466
Man's Search for Meaning,29.48,3,MAN'S SEARCH FOR MEANING,man's search for meaning,PROD1467
"Love That Boy: What Two Presidents, Eight Road Trips, and My Son Taught Me About a Parent's Expectations",25.06,2,"LOVE THAT BOY: WHAT TWO PRESIDENTS, EIGHT ROAD TRIPS, AND MY SON TAUGHT ME ABOUT A PARENT'S EXPECTATIONS","love that boy: what two presidents, eight road trips, and my son taught me about a parent's expectations",PROD1468
Living Forward: A Proven Plan to Stop Drifting and Get the Life You Want,12.55,3,LIVING FORWARD: A PROVEN PLAN TO STOP DRIFTING AND GET THE LIFE YOU WANT,living forward: a proven plan to stop drifting and get the life you want,PROD1469
Les Fleurs du Mal,29.04,5,LES FLEURS DU MAL,les fleurs du mal,PROD1470
Left Behind (Left Behind #1),40.72,2,LEFT BEHIND (LEFT BEHIND #1),left behind (left behind #1),PROD1471
Kill 'Em and Leave: Searching for James Brown and the American Soul,45.05,5,KILL 'EM AND LEAVE: SEARCHING FOR JAMES BROWN AND THE AMERICAN SOUL,kill 'em and leave: searching for james brown and the american soul,PROD1472
Kierkegaard: A Christian Missionary to Christians,47.13,1,KIERKEGAARD: A CHRISTIAN MISSIONARY TO CHRISTIANS,kierkegaard: a christian missionary to christians,PROD1473
John Vassos: Industrial Design for Modern Life,20.22,4,JOHN VASSOS: INDUSTRIAL DESIGN FOR MODERN LIFE,john vassos: industrial design for modern life,PROD1474
I'll Give You the Sun,56.48,1,I'LL GIVE YOU THE SUN,i'll give you the sun,PROD1475
I Will Find You,44.21,1,I WILL FIND YOU,i will find you,PROD1476
Hystopia: A Novel,21.96,4,HYSTOPIA: A NOVEL,hystopia: a novel,PROD1477
Howl and Other Poems,40.45,2,HOWL AND OTHER POEMS,howl and other poems,PROD1478
History of Beauty,10.29,4,HISTORY OF BEAUTY,history of beauty,PROD1479
Heaven is for Real: A Little Boy's Astounding Story of His Trip to Heaven and Back,52.86,2,HEAVEN IS FOR REAL: A LITTLE BOY'S ASTOUNDING STORY OF HIS TRIP TO HEAVEN AND BACK,heaven is for real: a little boy's astounding story of his trip to heaven and back,PROD1480
Future Shock (Future Shock #1),55.65,5,FUTURE SHOCK (FUTURE SHOCK #1),future shock (future shock #1),PROD1481
Ender's Game (The Ender Quintet #1),43.64,1,ENDER'S GAME (THE ENDER QUINTET #1),ender's game (the ender quintet #1),PROD1482
Diary of a Citizen Scientist: Chasing Tiger Beetles and Other New Ways of Engaging the World,28.41,1,DIARY OF A CITIZEN SCIENTIST: CHASING TIGER BEETLES AND OTHER NEW WAYS OF ENGAGING THE WORLD,diary of a citizen scientist: chasing tiger beetles and other new ways of engaging the world,PROD1483
Death by Leisure: A Cautionary Tale,37.51,4,DEATH BY LEISURE: A CAUTIONARY TALE,death by leisure: a cautionary tale,PROD1484
Brilliant Beacons: A History of the American Lighthouse,11.45,3,BRILLIANT BEACONS: A HISTORY OF THE AMERICAN LIGHTHOUSE,brilliant beacons: a history of the american lighthouse,PROD1485
Brazen: The Courage to Find the You That's Been Hiding,19.22,2,BRAZEN: THE COURAGE TO FIND THE YOU THAT'S BEEN HIDING,brazen: the courage to find the you that's been hiding,PROD1486
Between the World and Me,56.91,4,BETWEEN THE WORLD AND ME,between the world and me,PROD1487
Being Mortal: Medicine and What Matters in the End,55.06,4,BEING MORTAL: MEDICINE AND WHAT MATTERS IN THE END,being mortal: medicine and what matters in the end,PROD1488
"A Murder Over a Girl: Justice, Gender, Junior High",13.2,3,"A MURDER OVER A GIRL: JUSTICE, GENDER, JUNIOR HIGH","a murder over a girl: justice, gender, junior high",PROD1489
32 Yolks,53.63,2,32 YOLKS,32 yolks,PROD1490
"""Most Blessed of the Patriarchs"": Thomas Jefferson and the Empire of the Imagination",44.48,5,"""MOST BLESSED OF THE PATRIARCHS"": THOMAS JEFFERSON AND THE EMPIRE OF THE IMAGINATION","""most blessed of the patriarchs"": thomas jefferson and the empire of the imagination",PROD1491
You Are a Badass: How to Stop Doubting Your Greatness and Start Living an Awesome Life,12.08,3,YOU ARE A BADASS: HOW TO STOP DOUBTING YOUR GREATNESS AND START LIVING AN AWESOME LIFE,you are a badass: how to stop doubting your greatness and start living an awesome life,PROD1492
Wildlife of New York: A Five-Borough Coloring Book,22.14,2,WILDLIFE OF NEW YORK: A FIVE-BOROUGH COLORING BOOK,wildlife of new york: a five-borough coloring book,PROD1493
What Happened on Beale Street (Secrets of the South Mysteries #2),25.37,5,WHAT HAPPENED ON BEALE STREET (SECRETS OF THE SOUTH MYSTERIES #2),what happened on beale street (secrets of the south mysteries #2),PROD1494
Unreasonable Hope: Finding Faith in the God Who Brings Purpose to Your Pain,46.33,2,UNREASONABLE HOPE: FINDING FAITH IN THE GOD WHO BRINGS PURPOSE TO YOUR PAIN,unreasonable hope: finding faith in the god who brings purpose to your pain,PROD1495
Under the Tuscan Sun,37.33,3,UNDER THE TUSCAN SUN,under the tuscan sun,PROD1496
Toddlers Are A**holes: It's Not Your Fault,25.55,1,TODDLERS ARE A**HOLES: IT'S NOT YOUR FAULT,toddlers are a**holes: it's not your fault,PROD1497
The Year of Living Biblically: One Man's Humble Quest to Follow the Bible as Literally as Possible,34.72,1,THE YEAR OF LIVING BIBLICALLY: ONE MAN'S HUMBLE QUEST TO FOLLOW THE BIBLE AS LITERALLY AS POSSIBLE,the year of living biblically: one man's humble quest to follow the bible as literally as possible,PROD1498
The Whale,35.96,4,THE WHALE,the whale,PROD1499
The Story of Art,41.14,4,THE STORY OF ART,the story of art,PROD1500
The Origin of Species,10.01,4,THE ORIGIN OF SPECIES,the origin of species,PROD1501
The Great Gatsby,36.05,4,THE GREAT GATSBY,the great gatsby,PROD1502
The Good Girl,49.03,3,THE GOOD GIRL,the good girl,PROD1503
The Glass Castle,16.24,1,THE GLASS CASTLE,the glass castle,PROD1504
The Faith of Christopher Hitchens: The Restless Soul of the World's Most Notorious Atheist,39.55,1,THE FAITH OF CHRISTOPHER HITCHENS: THE RESTLESS SOUL OF THE WORLD'S MOST NOTORIOUS ATHEIST,the faith of christopher hitchens: the restless soul of the world's most notorious atheist,PROD1505
The Drowning Girls,35.67,3,THE DROWNING GIRLS,the drowning girls,PROD1506
The Constant Princess (The Tudor Court #1),16.62,3,THE CONSTANT PRINCESS (THE TUDOR COURT #1),the constant princess (the tudor court #1),PROD1507
The Bourne Identity (Jason Bourne #1),42.78,4,THE BOURNE IDENTITY (JASON BOURNE #1),the bourne identity (jason bourne #1),PROD1508
The Bachelor Girl's Guide to Murder (Herringford and Watts Mysteries #1),52.3,5,THE BACHELOR GIRL'S GUIDE TO MURDER (HERRINGFORD AND WATTS MYSTERIES #1),the bachelor girl's guide to murder (herringford and watts mysteries #1),PROD1509
The Art Book,32.34,2,THE ART BOOK,the art book,PROD1510
The 7 Habits of Highly Effective People: Powerful Lessons in Personal Change,33.17,4,THE 7 HABITS OF HIGHLY EFFECTIVE PEOPLE: POWERFUL LESSONS IN PERSONAL CHANGE,the 7 habits of highly effective people: powerful lessons in personal change,PROD1511
Team of Rivals: The Political Genius of Abraham Lincoln,20.12,5,TEAM OF RIVALS: THE POLITICAL GENIUS OF ABRAHAM LINCOLN,team of rivals: the political genius of abraham lincoln,PROD1512
Steal Like an Artist: 10 Things Nobody Told You About Being Creative,20.9,2,STEAL LIKE AN ARTIST: 10 THINGS NOBODY TOLD YOU ABOUT BEING CREATIVE,steal like an artist: 10 things nobody told you about being creative,PROD1513
"Sit, Stay, Love",20.9,3,"SIT, STAY, LOVE","sit, stay, love",PROD1514
Sister Dear,40.2,4,SISTER DEAR,sister dear,PROD1515
"Shrunken Treasures: Literary Classics, Short, Sweet, and Silly",52.87,3,"SHRUNKEN TREASURES: LITERARY CLASSICS, SHORT, SWEET, AND SILLY","shrunken treasures: literary classics, short, sweet, and silly",PROD1516
"Rich Dad, Poor Dad",51.74,1,"RICH DAD, POOR DAD","rich dad, poor dad",PROD1517
Raymie Nightingale,34.41,2,RAYMIE NIGHTINGALE,raymie nightingale,PROD1518
Playing from the Heart,32.38,1,PLAYING FROM THE HEART,playing from the heart,PROD1519
Nightstruck: A Novel,50.35,4,NIGHTSTRUCK: A NOVEL,nightstruck: a novel,PROD1520
"Naturally Lean: 125 Nourishing Gluten-Free, Plant-Based Recipes--All Under 300 Calories",11.38,5,"NATURALLY LEAN: 125 NOURISHING GLUTEN-FREE, PLANT-BASED RECIPES--ALL UNDER 300 CALORIES","naturally lean: 125 nourishing gluten-free, plant-based recipes--all under 300 calories",PROD1521
Meternity,43.58,3,METERNITY,meternity,PROD1522
Memoirs of a Geisha,49.67,3,MEMOIRS OF A GEISHA,memoirs of a geisha,PROD1523
Like Never Before (Walker Family #2),28.77,2,LIKE NEVER BEFORE (WALKER FAMILY #2),like never before (walker family #2),PROD1524
Life of Pi,13.22,4,LIFE OF PI,life of pi,PROD1525
Leave This Song Behind: Teen Poetry at Its Best,51.17,5,LEAVE THIS SONG BEHIND: TEEN POETRY AT ITS BEST,leave this song behind: teen poetry at its best,PROD1526
King's Folly (The Kinsman Chronicles #1),39.61,5,KING'S FOLLY (THE KINSMAN CHRONICLES #1),king's folly (the kinsman chronicles #1),PROD1527
John Adams,57.43,4,JOHN ADAMS,john adams,PROD1528
How to Cook Everything Vegetarian: Simple Meatless Recipes for Great Food (How to Cook Everything),46.01,4,HOW TO COOK EVERYTHING VEGETARIAN: SIMPLE MEATLESS RECIPES FOR GREAT FOOD (HOW TO COOK EVERYTHING),how to cook everything vegetarian: simple meatless recipes for great food (how to cook everything),PROD1529
How to Be a Domestic Goddess: Baking and the Art of Comfort Cooking,28.25,2,HOW TO BE A DOMESTIC GODDESS: BAKING AND THE ART OF COMFORT COOKING,how to be a domestic goddess: baking and the art of comfort cooking,PROD1530
Good in Bed (Cannie Shapiro #1),37.05,5,GOOD IN BED (CANNIE SHAPIRO #1),good in bed (cannie shapiro #1),PROD1531
"Fruits Basket, Vol. 7 (Fruits Basket #7)",19.57,1,"FRUITS BASKET, VOL. 7 (FRUITS BASKET #7)","fruits basket, vol. 7 (fruits basket #7)",PROD1532
For the Love: Fighting for Grace in a World of Impossible Standards,45.13,3,FOR THE LOVE: FIGHTING FOR GRACE IN A WORLD OF IMPOSSIBLE STANDARDS,for the love: fighting for grace in a world of impossible standards,PROD1533
Finding God in the Ruins: How God Redeems Pain,46.64,2,FINDING GOD IN THE RUINS: HOW GOD REDEEMS PAIN,finding god in the ruins: how god redeems pain,PROD1534
Every Heart a Doorway (Every Heart A Doorway #1),12.16,5,EVERY HEART A DOORWAY (EVERY HEART A DOORWAY #1),every heart a doorway (every heart a doorway #1),PROD1535
Delivering the Truth (Quaker Midwife Mystery #1),20.89,4,DELIVERING THE TRUTH (QUAKER MIDWIFE MYSTERY #1),delivering the truth (quaker midwife mystery #1),PROD1536
Counted With the Stars (Out from Egypt #1),17.97,5,COUNTED WITH THE STARS (OUT FROM EGYPT #1),counted with the stars (out from egypt #1),PROD1537
"Chronicles, Vol. 1",52.6,2,"CHRONICLES, VOL. 1","chronicles, vol. 1",PROD1538
Blue Like Jazz: Nonreligious Thoughts on Christian Spirituality,25.77,1,BLUE LIKE JAZZ: NONRELIGIOUS THOUGHTS ON CHRISTIAN SPIRITUALITY,blue like jazz: nonreligious thoughts on christian spirituality,PROD1539
Benjamin Franklin: An American Life,48.19,3,BENJAMIN FRANKLIN: AN AMERICAN LIFE,benjamin franklin: an american life,PROD1540
"At The Existentialist Café: Freedom, Being, and apricot cocktails with: Jean-Paul Sartre, Simone de Beauvoir, Albert Camus, Martin Heidegger, Edmund Husserl, Karl Jaspers, Maurice Merleau-Ponty and others",29.93,5,"AT THE EXISTENTIALIST CAFÉ: FREEDOM, BEING, AND APRICOT COCKTAILS WITH: JEAN-PAUL SARTRE, SIMONE DE BEAUVOIR, ALBERT CAMUS, MARTIN HEIDEGGER, EDMUND HUSSERL, KARL JASPERS, MAURICE MERLEAU-PONTY AND OTHERS","at the existentialist café: freedom, being, and apricot cocktails with: jean-paul sartre, simone de beauvoir, albert camus, martin heidegger, edmund husserl, karl jaspers, maurice merleau-ponty and others",PROD1541
A Summer In Europe,44.34,2,A SUMMER IN EUROPE,a summer in europe,PROD1542
A Short History of Nearly Everything,52.4,5,A SHORT HISTORY OF NEARLY EVERYTHING,a short history of nearly everything,PROD1543
A Gathering of Shadows (Shades of Magic #2),44.81,4,A GATHERING OF SHADOWS (SHADES OF MAGIC #2),a gathering of shadows (shades of magic #2),PROD1544
The Sound Of Love,57.84,5,THE SOUND OF LOVE,the sound of love,PROD1545
The Rise and Fall of the Third Reich: A History of Nazi Germany,39.67,2,THE RISE AND FALL OF THE THIRD REICH: A HISTORY OF NAZI GERMANY,the rise and fall of the third reich: a history of nazi germany,PROD1546
The Perks of Being a Wallflower,55.02,3,THE PERKS OF BEING A WALLFLOWER,the perks of being a wallflower,PROD1547
The Mysterious Affair at Styles (Hercule Poirot #1),24.8,4,THE MYSTERIOUS AFFAIR AT STYLES (HERCULE POIROT #1),the mysterious affair at styles (hercule poirot #1),PROD1548
The Man Who Mistook His Wife for a Hat and Other Clinical Tales,59.45,4,THE MAN WHO MISTOOK HIS WIFE FOR A HAT AND OTHER CLINICAL TALES,the man who mistook his wife for a hat and other clinical tales,PROD1549
The Makings of a Fatherless Child,31.58,2,THE MAKINGS OF A FATHERLESS CHILD,the makings of a fatherless child,PROD1550
The Joy of Cooking,43.27,4,THE JOY OF COOKING,the joy of cooking,PROD1551
The Invention of Wings,37.34,1,THE INVENTION OF WINGS,the invention of wings,PROD1552
The Hobbit (Middle-Earth Universe),17.8,5,THE HOBBIT (MIDDLE-EARTH UNIVERSE),the hobbit (middle-earth universe),PROD1553
The Great Railway Bazaar,30.54,1,THE GREAT RAILWAY BAZAAR,the great railway bazaar,PROD1554
The Golden Compass (His Dark Materials #1),18.77,1,THE GOLDEN COMPASS (HIS DARK MATERIALS #1),the golden compass (his dark materials #1),PROD1555
The God Delusion,46.85,3,THE GOD DELUSION,the god delusion,PROD1556
The Girl You Left Behind (The Girl You Left Behind #1),15.79,1,THE GIRL YOU LEFT BEHIND (THE GIRL YOU LEFT BEHIND #1),the girl you left behind (the girl you left behind #1),PROD1557
The Fellowship of the Ring (The Lord of the Rings #1),10.27,2,THE FELLOWSHIP OF THE RING (THE LORD OF THE RINGS #1),the fellowship of the ring (the lord of the rings #1),PROD1558
The Collected Poems of W.B. Yeats (The Collected Works of W.B. Yeats #1),15.42,5,THE COLLECTED POEMS OF W.B. YEATS (THE COLLECTED WORKS OF W.B. YEATS #1),the collected poems of w.b. yeats (the collected works of w.b. yeats #1),PROD1559
The Barefoot Contessa Cookbook,59.92,5,THE BAREFOOT CONTESSA COOKBOOK,the barefoot contessa cookbook,PROD1560
Tell the Wolves I'm Home,50.96,2,TELL THE WOLVES I'M HOME,tell the wolves i'm home,PROD1561
Ship Leaves Harbor: Essays on Travel by a Recovering Journeyman,30.6,3,SHIP LEAVES HARBOR: ESSAYS ON TRAVEL BY A RECOVERING JOURNEYMAN,ship leaves harbor: essays on travel by a recovering journeyman,PROD1562
Pride and Prejudice,19.27,4,PRIDE AND PREJUDICE,pride and prejudice,PROD1563
Musicophilia: Tales of Music and the Brain,46.58,1,MUSICOPHILIA: TALES OF MUSIC AND THE BRAIN,musicophilia: tales of music and the brain,PROD1564
Mere Christianity,48.51,3,MERE CHRISTIANITY,mere christianity,PROD1565
Me Before You (Me Before You #1),19.02,1,ME BEFORE YOU (ME BEFORE YOU #1),me before you (me before you #1),PROD1566
In the Woods (Dublin Murder Squad #1),38.38,2,IN THE WOODS (DUBLIN MURDER SQUAD #1),in the woods (dublin murder squad #1),PROD1567
In Cold Blood,49.98,4,IN COLD BLOOD,in cold blood,PROD1568
How to Stop Worrying and Start Living,46.49,5,HOW TO STOP WORRYING AND START LIVING,how to stop worrying and start living,PROD1569
Give It Back,18.32,2,GIVE IT BACK,give it back,PROD1570
"Girl, Interrupted",42.14,3,"GIRL, INTERRUPTED","girl, interrupted",PROD1571
Fun Home: A Family Tragicomic,56.59,4,FUN HOME: A FAMILY TRAGICOMIC,fun home: a family tragicomic,PROD1572
"Fruits Basket, Vol. 6 (Fruits Basket #6)",20.96,4,"FRUITS BASKET, VOL. 6 (FRUITS BASKET #6)","fruits basket, vol. 6 (fruits basket #6)",PROD1573
Deception Point,40.32,4,DECEPTION POINT,deception point,PROD1574
"Death Note, Vol. 6: Give-and-Take (Death Note #6)",36.39,3,"DEATH NOTE, VOL. 6: GIVE-AND-TAKE (DEATH NOTE #6)","death note, vol. 6: give-and-take (death note #6)",PROD1575
Catherine the Great: Portrait of a Woman,58.55,4,CATHERINE THE GREAT: PORTRAIT OF A WOMAN,catherine the great: portrait of a woman,PROD1576
Better Homes and Gardens New Cook Book,39.61,3,BETTER HOMES AND GARDENS NEW COOK BOOK,better homes and gardens new cook book,PROD1577
An Unquiet Mind: A Memoir of Moods and Madness,21.3,3,AN UNQUIET MIND: A MEMOIR OF MOODS AND MADNESS,an unquiet mind: a memoir of moods and madness,PROD1578
A Year in Provence (Provence #1),56.88,4,A YEAR IN PROVENCE (PROVENCE #1),a year in provence (provence #1),PROD1579
World Without End (The Pillars of the Earth #2),32.97,4,WORLD WITHOUT END (THE PILLARS OF THE EARTH #2),world without end (the pillars of the earth #2),PROD1580
"Will Grayson, Will Grayson (Will Grayson, Will Grayson)",47.31,4,"WILL GRAYSON, WILL GRAYSON (WILL GRAYSON, WILL GRAYSON)","will grayson, will grayson (will grayson, will grayson)",PROD1581
Why Save the Bankers?: And Other Essays on Our Economic and Political Crisis,48.67,2,WHY SAVE THE BANKERS?: AND OTHER ESSAYS ON OUR ECONOMIC AND POLITICAL CRISIS,why save the bankers?: and other essays on our economic and political crisis,PROD1582
Where She Went (If I Stay #2),41.73,4,WHERE SHE WENT (IF I STAY #2),where she went (if i stay #2),PROD1583
What If?: Serious Scientific Answers to Absurd Hypothetical Questions,53.68,4,WHAT IF?: SERIOUS SCIENTIFIC ANSWERS TO ABSURD HYPOTHETICAL QUESTIONS,what if?: serious scientific answers to absurd hypothetical questions,PROD1584
Two Summers,14.64,1,TWO SUMMERS,two summers,PROD1585
This Is Your Brain on Music: The Science of a Human Obsession,38.4,1,THIS IS YOUR BRAIN ON MUSIC: THE SCIENCE OF A HUMAN OBSESSION,this is your brain on music: the science of a human obsession,PROD1586
The Secret Garden,15.08,4,THE SECRET GARDEN,the secret garden,PROD1587
The Raven King (The Raven Cycle #4),30.57,2,THE RAVEN KING (THE RAVEN CYCLE #4),the raven king (the raven cycle #4),PROD1588
The Raven Boys (The Raven Cycle #1),57.74,4,THE RAVEN BOYS (THE RAVEN CYCLE #1),the raven boys (the raven cycle #1),PROD1589
The Power Greens Cookbook: 140 Delicious Superfood Recipes,11.05,5,THE POWER GREENS COOKBOOK: 140 DELICIOUS SUPERFOOD RECIPES,the power greens cookbook: 140 delicious superfood recipes,PROD1590
The Metamorphosis,28.58,1,THE METAMORPHOSIS,the metamorphosis,PROD1591
The Mathews Men: Seven Brothers and the War Against Hitler's U-boats,42.91,5,THE MATHEWS MEN: SEVEN BROTHERS AND THE WAR AGAINST HITLER'S U-BOATS,the mathews men: seven brothers and the war against hitler's u-boats,PROD1592
The Little Paris Bookshop,24.73,3,THE LITTLE PARIS BOOKSHOP,the little paris bookshop,PROD1593
The Hiding Place,55.91,4,THE HIDING PLACE,the hiding place,PROD1594
The Grand Design,13.76,3,THE GRAND DESIGN,the grand design,PROD1595
The Firm,45.56,3,THE FIRM,the firm,PROD1596
The Fault in Our Stars,47.22,1,THE FAULT IN OUR STARS,the fault in our stars,PROD1597
The False Prince (The Ascendance Trilogy #1),56.0,5,THE FALSE PRINCE (THE ASCENDANCE TRILOGY #1),the false prince (the ascendance trilogy #1),PROD1598
The Expatriates,44.58,2,THE EXPATRIATES,the expatriates,PROD1599
The Dream Thieves (The Raven Cycle #2),34.5,1,THE DREAM THIEVES (THE RAVEN CYCLE #2),the dream thieves (the raven cycle #2),PROD1600
The Darkest Corners,11.33,5,THE DARKEST CORNERS,the darkest corners,PROD1601
The Crossover,38.77,4,THE CROSSOVER,the crossover,PROD1602
The 5th Wave (The 5th Wave #1),11.83,2,THE 5TH WAVE (THE 5TH WAVE #1),the 5th wave (the 5th wave #1),PROD1603
Tell the Wind and Fire,45.51,3,TELL THE WIND AND FIRE,tell the wind and fire,PROD1604
Tell Me Three Things,41.81,1,TELL ME THREE THINGS,tell me three things,PROD1605
Talking to Girls About Duran Duran: One Young Man's Quest for True Love and a Cooler Haircut,25.15,4,TALKING TO GIRLS ABOUT DURAN DURAN: ONE YOUNG MAN'S QUEST FOR TRUE LOVE AND A COOLER HAIRCUT,talking to girls about duran duran: one young man's quest for true love and a cooler haircut,PROD1606
Siddhartha,34.22,5,SIDDHARTHA,siddhartha,PROD1607
Shiver (The Wolves of Mercy Falls #1),16.23,5,SHIVER (THE WOLVES OF MERCY FALLS #1),shiver (the wolves of mercy falls #1),PROD1608
Remember Me?,11.48,3,REMEMBER ME?,remember me?,PROD1609
Red Dragon (Hannibal Lecter #1),23.37,3,RED DRAGON (HANNIBAL LECTER #1),red dragon (hannibal lecter #1),PROD1610
Peak: Secrets from the New Science of Expertise,16.28,2,PEAK: SECRETS FROM THE NEW SCIENCE OF EXPERTISE,peak: secrets from the new science of expertise,PROD1611
My Mother Was Nuts,31.63,4,MY MOTHER WAS NUTS,my mother was nuts,PROD1612
Mexican Today: New and Rediscovered Recipes for Contemporary Kitchens,24.91,5,MEXICAN TODAY: NEW AND REDISCOVERED RECIPES FOR CONTEMPORARY KITCHENS,mexican today: new and rediscovered recipes for contemporary kitchens,PROD1613
Maybe Something Beautiful: How Art Transformed a Neighborhood,22.54,1,MAYBE SOMETHING BEAUTIFUL: HOW ART TRANSFORMED A NEIGHBORHOOD,maybe something beautiful: how art transformed a neighborhood,PROD1614
Lola and the Boy Next Door (Anna and the French Kiss #2),23.63,4,LOLA AND THE BOY NEXT DOOR (ANNA AND THE FRENCH KISS #2),lola and the boy next door (anna and the french kiss #2),PROD1615
Logan Kade (Fallen Crest High #5.5),13.12,2,LOGAN KADE (FALLEN CREST HIGH #5.5),logan kade (fallen crest high #5.5),PROD1616
Last One Home (New Beginnings #1),59.98,3,LAST ONE HOME (NEW BEGINNINGS #1),last one home (new beginnings #1),PROD1617
Killing Floor (Jack Reacher #1),31.49,4,KILLING FLOOR (JACK REACHER #1),killing floor (jack reacher #1),PROD1618
Kill the Boy Band,15.52,5,KILL THE BOY BAND,kill the boy band,PROD1619
Isla and the Happily Ever After (Anna and the French Kiss #3),48.13,5,ISLA AND THE HAPPILY EVER AFTER (ANNA AND THE FRENCH KISS #3),isla and the happily ever after (anna and the french kiss #3),PROD1620
If I Stay (If I Stay #1),38.13,5,IF I STAY (IF I STAY #1),if i stay (if i stay #1),PROD1621
I Know Why the Caged Bird Sings (Maya Angelou's Autobiography #1),36.55,2,I KNOW WHY THE CAGED BIRD SINGS (MAYA ANGELOU'S AUTOBIOGRAPHY #1),i know why the caged bird sings (maya angelou's autobiography #1),PROD1622
Harry Potter and the Deathly Hallows (Harry Potter #7),23.32,1,HARRY POTTER AND THE DEATHLY HALLOWS (HARRY POTTER #7),harry potter and the deathly hallows (harry potter #7),PROD1623
"Fruits Basket, Vol. 5 (Fruits Basket #5)",16.33,1,"FRUITS BASKET, VOL. 5 (FRUITS BASKET #5)","fruits basket, vol. 5 (fruits basket #5)",PROD1624
Foundation (Foundation (Publication Order) #1),32.42,1,FOUNDATION (FOUNDATION (PUBLICATION ORDER) #1),foundation (foundation (publication order) #1),PROD1625
Fool Me Once,16.96,1,FOOL ME ONCE,fool me once,PROD1626
Find Her (Detective D.D. Warren #8),22.37,1,FIND HER (DETECTIVE D.D. WARREN #8),find her (detective d.d. warren #8),PROD1627
Evicted: Poverty and Profit in the American City,42.27,1,EVICTED: POVERTY AND PROFIT IN THE AMERICAN CITY,evicted: poverty and profit in the american city,PROD1628
Drama,38.7,2,DRAMA,drama,PROD1629
Dracula the Un-Dead,35.63,5,DRACULA THE UN-DEAD,dracula the un-dead,PROD1630
Digital Fortress,58.0,5,DIGITAL FORTRESS,digital fortress,PROD1631
"Death Note, Vol. 5: Whiteout (Death Note #5)",52.41,1,"DEATH NOTE, VOL. 5: WHITEOUT (DEATH NOTE #5)","death note, vol. 5: whiteout (death note #5)",PROD1632
"Data, A Love Story: How I Gamed Online Dating to Meet My Match",32.35,3,"DATA, A LOVE STORY: HOW I GAMED ONLINE DATING TO MEET MY MATCH","data, a love story: how i gamed online dating to meet my match",PROD1633
Critique of Pure Reason,20.75,1,CRITIQUE OF PURE REASON,critique of pure reason,PROD1634
Booked,17.49,5,BOOKED,booked,PROD1635
"Blue Lily, Lily Blue (The Raven Cycle #3)",34.13,5,"BLUE LILY, LILY BLUE (THE RAVEN CYCLE #3)","blue lily, lily blue (the raven cycle #3)",PROD1636
Approval Junkie: Adventures in Caring Too Much,58.81,5,APPROVAL JUNKIE: ADVENTURES IN CARING TOO MUCH,approval junkie: adventures in caring too much,PROD1637
An Abundance of Katherines,10.0,5,AN ABUNDANCE OF KATHERINES,an abundance of katherines,PROD1638
America's War for the Greater Middle East: A Military History,51.22,2,AMERICA'S WAR FOR THE GREATER MIDDLE EAST: A MILITARY HISTORY,america's war for the greater middle east: a military history,PROD1639
Alight (The Generations Trilogy #2),58.59,4,ALIGHT (THE GENERATIONS TRILOGY #2),alight (the generations trilogy #2),PROD1640
A Girl's Guide to Moving On (New Beginnings #2),31.3,1,A GIRL'S GUIDE TO MOVING ON (NEW BEGINNINGS #2),a girl's guide to moving on (new beginnings #2),PROD1641
A Game of Thrones (A Song of Ice and Fire #1),46.42,2,A GAME OF THRONES (A SONG OF ICE AND FIRE #1),a game of thrones (a song of ice and fire #1),PROD1642
A Feast for Crows (A Song of Ice and Fire #4),17.21,4,A FEAST FOR CROWS (A SONG OF ICE AND FIRE #4),a feast for crows (a song of ice and fire #4),PROD1643
A Clash of Kings (A Song of Ice and Fire #2),10.79,3,A CLASH OF KINGS (A SONG OF ICE AND FIRE #2),a clash of kings (a song of ice and fire #2),PROD1644
Vogue Colors A to Z: A Fashion Coloring Book,52.35,4,VOGUE COLORS A TO Z: A FASHION COLORING BOOK,vogue colors a to z: a fashion coloring book,PROD1645
The Shining (The Shining #1),27.88,3,THE SHINING (THE SHINING #1),the shining (the shining #1),PROD1646
The Pilgrim's Progress,50.26,2,THE PILGRIM'S PROGRESS,the pilgrim's progress,PROD1647
The Perfect Play (Play by Play #1),59.99,3,THE PERFECT PLAY (PLAY BY PLAY #1),the perfect play (play by play #1),PROD1648
The Passion of Dolssa,28.32,5,THE PASSION OF DOLSSA,the passion of dolssa,PROD1649
The Jazz of Physics: The Secret Link Between Music and the Structure of the Universe,38.71,3,THE JAZZ OF PHYSICS: THE SECRET LINK BETWEEN MUSIC AND THE STRUCTURE OF THE UNIVERSE,the jazz of physics: the secret link between music and the structure of the universe,PROD1650
The Hunger Games (The Hunger Games #1),29.85,5,THE HUNGER GAMES (THE HUNGER GAMES #1),the hunger games (the hunger games #1),PROD1651
The Hound of the Baskervilles (Sherlock Holmes #5),14.82,2,THE HOUND OF THE BASKERVILLES (SHERLOCK HOLMES #5),the hound of the baskervilles (sherlock holmes #5),PROD1652
The Gunning of America: Business and the Making of American Gun Culture,16.81,4,THE GUNNING OF AMERICA: BUSINESS AND THE MAKING OF AMERICAN GUN CULTURE,the gunning of america: business and the making of american gun culture,PROD1653
The Geography of Bliss: One Grump's Search for the Happiest Places in the World,28.23,2,THE GEOGRAPHY OF BLISS: ONE GRUMP'S SEARCH FOR THE HAPPIEST PLACES IN THE WORLD,the geography of bliss: one grump's search for the happiest places in the world,PROD1654
The Demonists (Demonist #1),52.11,2,THE DEMONISTS (DEMONIST #1),the demonists (demonist #1),PROD1655
"The Demon Prince of Momochi House, Vol. 4 (The Demon Prince of Momochi House #4)",27.88,2,"THE DEMON PRINCE OF MOMOCHI HOUSE, VOL. 4 (THE DEMON PRINCE OF MOMOCHI HOUSE #4)","the demon prince of momochi house, vol. 4 (the demon prince of momochi house #4)",PROD1656
The Bone Hunters (Lexy Vaughan & Steven Macaulay #2),59.71,3,THE BONE HUNTERS (LEXY VAUGHAN & STEVEN MACAULAY #2),the bone hunters (lexy vaughan & steven macaulay #2),PROD1657
The Beast (Black Dagger Brotherhood #14),46.08,5,THE BEAST (BLACK DAGGER BROTHERHOOD #14),the beast (black dagger brotherhood #14),PROD1658
Some Women,13.73,5,SOME WOMEN,some women,PROD1659
Shopaholic Ties the Knot (Shopaholic #3),48.39,5,SHOPAHOLIC TIES THE KNOT (SHOPAHOLIC #3),shopaholic ties the knot (shopaholic #3),PROD1660
Paper and Fire (The Great Library #2),49.45,5,PAPER AND FIRE (THE GREAT LIBRARY #2),paper and fire (the great library #2),PROD1661
Outlander (Outlander #1),19.67,5,OUTLANDER (OUTLANDER #1),outlander (outlander #1),PROD1662
"Orchestra of Exiles: The Story of Bronislaw Huberman, the Israel Philharmonic, and the One Thousand Jews He Saved from Nazi Horrors",12.36,3,"ORCHESTRA OF EXILES: THE STORY OF BRONISLAW HUBERMAN, THE ISRAEL PHILHARMONIC, AND THE ONE THOUSAND JEWS HE SAVED FROM NAZI HORRORS","orchestra of exiles: the story of bronislaw huberman, the israel philharmonic, and the one thousand jews he saved from nazi horrors",PROD1663
No One Here Gets Out Alive,20.02,5,NO ONE HERE GETS OUT ALIVE,no one here gets out alive,PROD1664
Night Shift (Night Shift #1-20),12.75,4,NIGHT SHIFT (NIGHT SHIFT #1-20),night shift (night shift #1-20),PROD1665
Needful Things,47.51,4,NEEDFUL THINGS,needful things,PROD1666
Mockingjay (The Hunger Games #3),20.44,4,MOCKINGJAY (THE HUNGER GAMES #3),mockingjay (the hunger games #3),PROD1667
Misery,34.79,2,MISERY,misery,PROD1668
Little Women (Little Women #1),28.07,4,LITTLE WOMEN (LITTLE WOMEN #1),little women (little women #1),PROD1669
It,25.01,3,IT,it,PROD1670
Harry Potter and the Sorcerer's Stone (Harry Potter #1),13.9,3,HARRY POTTER AND THE SORCERER'S STONE (HARRY POTTER #1),harry potter and the sorcerer's stone (harry potter #1),PROD1671
Harry Potter and the Prisoner of Azkaban (Harry Potter #3),24.17,4,HARRY POTTER AND THE PRISONER OF AZKABAN (HARRY POTTER #3),harry potter and the prisoner of azkaban (harry potter #3),PROD1672
Harry Potter and the Order of the Phoenix (Harry Potter #5),31.63,4,HARRY POTTER AND THE ORDER OF THE PHOENIX (HARRY POTTER #5),harry potter and the order of the phoenix (harry potter #5),PROD1673
Harry Potter and the Half-Blood Prince (Harry Potter #6),48.75,5,HARRY POTTER AND THE HALF-BLOOD PRINCE (HARRY POTTER #6),harry potter and the half-blood prince (harry potter #6),PROD1674
Harry Potter and the Chamber of Secrets (Harry Potter #2),14.74,1,HARRY POTTER AND THE CHAMBER OF SECRETS (HARRY POTTER #2),harry potter and the chamber of secrets (harry potter #2),PROD1675
Gone with the Wind,32.49,3,GONE WITH THE WIND,gone with the wind,PROD1676
God Is Not Great: How Religion Poisons Everything,27.8,1,GOD IS NOT GREAT: HOW RELIGION POISONS EVERYTHING,god is not great: how religion poisons everything,PROD1677
Girl With a Pearl Earring,26.77,1,GIRL WITH A PEARL EARRING,girl with a pearl earring,PROD1678
"Fruits Basket, Vol. 4 (Fruits Basket #4)",50.44,4,"FRUITS BASKET, VOL. 4 (FRUITS BASKET #4)","fruits basket, vol. 4 (fruits basket #4)",PROD1679
Far From True (Promise Falls Trilogy #2),34.93,2,FAR FROM TRUE (PROMISE FALLS TRILOGY #2),far from true (promise falls trilogy #2),PROD1680
Dark Lover (Black Dagger Brotherhood #1),12.87,1,DARK LOVER (BLACK DAGGER BROTHERHOOD #1),dark lover (black dagger brotherhood #1),PROD1681
Confessions of a Shopaholic (Shopaholic #1),48.94,2,CONFESSIONS OF A SHOPAHOLIC (SHOPAHOLIC #1),confessions of a shopaholic (shopaholic #1),PROD1682
Changing the Game (Play by Play #2),13.38,3,CHANGING THE GAME (PLAY BY PLAY #2),changing the game (play by play #2),PROD1683
Candide,58.63,3,CANDIDE,candide,PROD1684
Can You Keep a Secret?,21.94,1,CAN YOU KEEP A SECRET?,can you keep a secret?,PROD1685
Atlas Shrugged,26.58,5,ATLAS SHRUGGED,atlas shrugged,PROD1686
Animal Farm,57.22,3,ANIMAL FARM,animal farm,PROD1687
A Walk to Remember,56.43,1,A WALK TO REMEMBER,a walk to remember,PROD1688
A New Earth: Awakening to Your Life's Purpose,55.65,5,A NEW EARTH: AWAKENING TO YOUR LIFE'S PURPOSE,a new earth: awakening to your life's purpose,PROD1689
"A History of God: The 4,000-Year Quest of Judaism, Christianity, and Islam",27.62,1,"A HISTORY OF GOD: THE 4,000-YEAR QUEST OF JUDAISM, CHRISTIANITY, AND ISLAM","a history of god: the 4,000-year quest of judaism, christianity, and islam",PROD1690
'Salem's Lot,49.56,4,'SALEM'S LOT,'salem's lot,PROD1691
Zero History (Blue Ant #3),34.77,1,ZERO HISTORY (BLUE ANT #3),zero history (blue ant #3),PROD1692
Wuthering Heights,17.73,3,WUTHERING HEIGHTS,wuthering heights,PROD1693
World War Z: An Oral History of the Zombie War,21.8,1,WORLD WAR Z: AN ORAL HISTORY OF THE ZOMBIE WAR,world war z: an oral history of the zombie war,PROD1694
Wild: From Lost to Found on the Pacific Crest Trail,46.02,3,WILD: FROM LOST TO FOUND ON THE PACIFIC CREST TRAIL,wild: from lost to found on the pacific crest trail,PROD1695
"Where'd You Go, Bernadette",18.13,1,"WHERE'D YOU GO, BERNADETTE","where'd you go, bernadette",PROD1696
When You Are Engulfed in Flames,30.89,5,WHEN YOU ARE ENGULFED IN FLAMES,when you are engulfed in flames,PROD1697
We the People: The Modern-Day Figures Who Have Reshaped and Affirmed the Founding Fathers' Vision of America,31.95,3,WE THE PEOPLE: THE MODERN-DAY FIGURES WHO HAVE RESHAPED AND AFFIRMED THE FOUNDING FATHERS' VISION OF AMERICA,we the people: the modern-day figures who have reshaped and affirmed the founding fathers' vision of america,PROD1698
We Are All Completely Beside Ourselves,24.04,1,WE ARE ALL COMPLETELY BESIDE OURSELVES,we are all completely beside ourselves,PROD1699
Walk the Edge (Thunder Road #2),32.36,3,WALK THE EDGE (THUNDER ROAD #2),walk the edge (thunder road #2),PROD1700
Voyager (Outlander #3),21.07,5,VOYAGER (OUTLANDER #3),voyager (outlander #3),PROD1701
Very Good Lives: The Fringe Benefits of Failure and the Importance of Imagination,50.66,3,VERY GOOD LIVES: THE FRINGE BENEFITS OF FAILURE AND THE IMPORTANCE OF IMAGINATION,very good lives: the fringe benefits of failure and the importance of imagination,PROD1702
Vegan Vegetarian Omnivore: Dinner for Everyone at the Table,13.66,2,VEGAN VEGETARIAN OMNIVORE: DINNER FOR EVERYONE AT THE TABLE,vegan vegetarian omnivore: dinner for everyone at the table,PROD1703
"Unstuffed: Decluttering Your Home, Mind, and Soul",58.09,1,"UNSTUFFED: DECLUTTERING YOUR HOME, MIND, AND SOUL","unstuffed: decluttering your home, mind, and soul",PROD1704
Under the Banner of Heaven: A Story of Violent Faith,30.0,1,UNDER THE BANNER OF HEAVEN: A STORY OF VIOLENT FAITH,under the banner of heaven: a story of violent faith,PROD1705
Two Boys Kissing,32.74,2,TWO BOYS KISSING,two boys kissing,PROD1706
Twilight (Twilight #1),41.93,2,TWILIGHT (TWILIGHT #1),twilight (twilight #1),PROD1707
Twenties Girl,42.8,2,TWENTIES GIRL,twenties girl,PROD1708
"Trespassing Across America: One Man's Epic, Never-Done-Before (and Sort of Illegal) Hike Across the Heartland",53.51,1,"TRESPASSING ACROSS AMERICA: ONE MAN'S EPIC, NEVER-DONE-BEFORE (AND SORT OF ILLEGAL) HIKE ACROSS THE HEARTLAND","trespassing across america: one man's epic, never-done-before (and sort of illegal) hike across the heartland",PROD1709
Three-Martini Lunch,23.21,3,THREE-MARTINI LUNCH,three-martini lunch,PROD1710
"Thinking, Fast and Slow",21.14,1,"THINKING, FAST AND SLOW","thinking, fast and slow",PROD1711
The Wild Robot,56.07,3,THE WILD ROBOT,the wild robot,PROD1712
"The Wicked + The Divine, Vol. 3: Commercial Suicide (The Wicked + The Divine)",14.41,3,"THE WICKED + THE DIVINE, VOL. 3: COMMERCIAL SUICIDE (THE WICKED + THE DIVINE)","the wicked + the divine, vol. 3: commercial suicide (the wicked + the divine)",PROD1713
The Undomestic Goddess,45.75,4,THE UNDOMESTIC GODDESS,the undomestic goddess,PROD1714
The Travelers,15.77,1,THE TRAVELERS,the travelers,PROD1715
The Tipping Point: How Little Things Can Make a Big Difference,10.02,2,THE TIPPING POINT: HOW LITTLE THINGS CAN MAKE A BIG DIFFERENCE,the tipping point: how little things can make a big difference,PROD1716
The Thing About Jellyfish,48.77,1,THE THING ABOUT JELLYFISH,the thing about jellyfish,PROD1717
The Stand,57.86,2,THE STAND,the stand,PROD1718
The Smitten Kitchen Cookbook,23.59,1,THE SMITTEN KITCHEN COOKBOOK,the smitten kitchen cookbook,PROD1719
The Silkworm (Cormoran Strike #2),23.05,5,THE SILKWORM (CORMORAN STRIKE #2),the silkworm (cormoran strike #2),PROD1720
"The Sandman, Vol. 3: Dream Country (The Sandman (volumes) #3)",55.55,5,"THE SANDMAN, VOL. 3: DREAM COUNTRY (THE SANDMAN (VOLUMES) #3)","the sandman, vol. 3: dream country (the sandman (volumes) #3)",PROD1721
The Rose & the Dagger (The Wrath and the Dawn #2),58.64,4,THE ROSE & THE DAGGER (THE WRATH AND THE DAWN #2),the rose & the dagger (the wrath and the dawn #2),PROD1722
The Road to Little Dribbling: Adventures of an American in Britain (Notes From a Small Island #2),23.21,1,THE ROAD TO LITTLE DRIBBLING: ADVENTURES OF AN AMERICAN IN BRITAIN (NOTES FROM A SMALL ISLAND #2),the road to little dribbling: adventures of an american in britain (notes from a small island #2),PROD1723
The Rise of Theodore Roosevelt (Theodore Roosevelt #1),42.57,3,THE RISE OF THEODORE ROOSEVELT (THEODORE ROOSEVELT #1),the rise of theodore roosevelt (theodore roosevelt #1),PROD1724
The Restaurant at the End of the Universe (Hitchhiker's Guide to the Galaxy #2),10.92,1,THE RESTAURANT AT THE END OF THE UNIVERSE (HITCHHIKER'S GUIDE TO THE GALAXY #2),the restaurant at the end of the universe (hitchhiker's guide to the galaxy #2),PROD1725
The Rest Is Noise: Listening to the Twentieth Century,34.77,1,THE REST IS NOISE: LISTENING TO THE TWENTIETH CENTURY,the rest is noise: listening to the twentieth century,PROD1726
The Red Tent,35.66,5,THE RED TENT,the red tent,PROD1727
The Purpose Driven Life: What on Earth Am I Here for?,37.19,3,THE PURPOSE DRIVEN LIFE: WHAT ON EARTH AM I HERE FOR?,the purpose driven life: what on earth am i here for?,PROD1728
The Purest Hook (Second Circle Tattoos #3),12.25,1,THE PUREST HOOK (SECOND CIRCLE TATTOOS #3),the purest hook (second circle tattoos #3),PROD1729
The Picture of Dorian Gray,29.7,2,THE PICTURE OF DORIAN GRAY,the picture of dorian gray,PROD1730
The Paris Wife,36.8,3,THE PARIS WIFE,the paris wife,PROD1731
The Obsession,45.43,1,THE OBSESSION,the obsession,PROD1732
The Nightingale,26.26,4,THE NIGHTINGALE,the nightingale,PROD1733
The New Guy (and Other Senior Year Distractions),44.92,3,THE NEW GUY (AND OTHER SENIOR YEAR DISTRACTIONS),the new guy (and other senior year distractions),PROD1734
The Nanny Diaries (Nanny #1),52.53,5,THE NANNY DIARIES (NANNY #1),the nanny diaries (nanny #1),PROD1735
The Name of God is Mercy,37.25,2,THE NAME OF GOD IS MERCY,the name of god is mercy,PROD1736
The Maze Runner (The Maze Runner #1),20.93,1,THE MAZE RUNNER (THE MAZE RUNNER #1),the maze runner (the maze runner #1),PROD1737
The Lover's Dictionary,58.09,2,THE LOVER'S DICTIONARY,the lover's dictionary,PROD1738
The Lonely Ones,43.59,5,THE LONELY ONES,the lonely ones,PROD1739
The Lean Startup: How Today's Entrepreneurs Use Continuous Innovation to Create Radically Successful Businesses,33.92,3,THE LEAN STARTUP: HOW TODAY'S ENTREPRENEURS USE CONTINUOUS INNOVATION TO CREATE RADICALLY SUCCESSFUL BUSINESSES,the lean startup: how today's entrepreneurs use continuous innovation to create radically successful businesses,PROD1740
The Last Painting of Sara de Vos,55.55,2,THE LAST PAINTING OF SARA DE VOS,the last painting of sara de vos,PROD1741
"The Land of 10,000 Madonnas",29.64,4,"THE LAND OF 10,000 MADONNAS","the land of 10,000 madonnas",PROD1742
The Infinities,27.41,1,THE INFINITIES,the infinities,PROD1743
The Husband's Secret,52.51,5,THE HUSBAND'S SECRET,the husband's secret,PROD1744
The Hitchhiker's Guide to the Galaxy (Hitchhiker's Guide to the Galaxy #1),47.8,3,THE HITCHHIKER'S GUIDE TO THE GALAXY (HITCHHIKER'S GUIDE TO THE GALAXY #1),the hitchhiker's guide to the galaxy (hitchhiker's guide to the galaxy #1),PROD1745
The Guns of August,14.54,2,THE GUNS OF AUGUST,the guns of august,PROD1746
The Guernsey Literary and Potato Peel Pie Society,49.53,1,THE GUERNSEY LITERARY AND POTATO PEEL PIE SOCIETY,the guernsey literary and potato peel pie society,PROD1747
The Goldfinch,43.58,3,THE GOLDFINCH,the goldfinch,PROD1748
The Giver (The Giver Quartet #1),12.3,1,THE GIVER (THE GIVER QUARTET #1),the giver (the giver quartet #1),PROD1749
The Girl with All the Gifts,49.47,3,THE GIRL WITH ALL THE GIFTS,the girl with all the gifts,PROD1750
The Girl Who Played with Fire (Millennium Trilogy #2),22.14,2,THE GIRL WHO PLAYED WITH FIRE (MILLENNIUM TRILOGY #2),the girl who played with fire (millennium trilogy #2),PROD1751
The Girl Who Kicked the Hornet's Nest (Millennium Trilogy #3),57.48,1,THE GIRL WHO KICKED THE HORNET'S NEST (MILLENNIUM TRILOGY #3),the girl who kicked the hornet's nest (millennium trilogy #3),PROD1752
The Exiled,43.45,3,THE EXILED,the exiled,PROD1753
"The End of Faith: Religion, Terror, and the Future of Reason",22.13,4,"THE END OF FAITH: RELIGION, TERROR, AND THE FUTURE OF REASON","the end of faith: religion, terror, and the future of reason",PROD1754
"The Elegant Universe: Superstrings, Hidden Dimensions, and the Quest for the Ultimate Theory",13.03,4,"THE ELEGANT UNIVERSE: SUPERSTRINGS, HIDDEN DIMENSIONS, AND THE QUEST FOR THE ULTIMATE THEORY","the elegant universe: superstrings, hidden dimensions, and the quest for the ultimate theory",PROD1755
"The Disappearing Spoon: And Other True Tales of Madness, Love, and the History of the World from the Periodic Table of the Elements",57.35,5,"THE DISAPPEARING SPOON: AND OTHER TRUE TALES OF MADNESS, LOVE, AND THE HISTORY OF THE WORLD FROM THE PERIODIC TABLE OF THE ELEMENTS","the disappearing spoon: and other true tales of madness, love, and the history of the world from the periodic table of the elements",PROD1756
The Devil Wears Prada (The Devil Wears Prada #1),44.29,1,THE DEVIL WEARS PRADA (THE DEVIL WEARS PRADA #1),the devil wears prada (the devil wears prada #1),PROD1757
The Demon-Haunted World: Science as a Candle in the Dark,52.25,4,THE DEMON-HAUNTED WORLD: SCIENCE AS A CANDLE IN THE DARK,the demon-haunted world: science as a candle in the dark,PROD1758
The Day the Crayons Came Home (Crayons),26.33,5,THE DAY THE CRAYONS CAME HOME (CRAYONS),the day the crayons came home (crayons),PROD1759
The Da Vinci Code (Robert Langdon #2),22.96,2,THE DA VINCI CODE (ROBERT LANGDON #2),the da vinci code (robert langdon #2),PROD1760
The Cuckoo's Calling (Cormoran Strike #1),19.21,1,THE CUCKOO'S CALLING (CORMORAN STRIKE #1),the cuckoo's calling (cormoran strike #1),PROD1761
The Complete Stories and Poems (The Works of Edgar Allan Poe [Cameo Edition]),26.78,4,THE COMPLETE STORIES AND POEMS (THE WORKS OF EDGAR ALLAN POE [CAMEO EDITION]),the complete stories and poems (the works of edgar allan poe [cameo edition]),PROD1762
The Complete Poems,41.32,5,THE COMPLETE POEMS,the complete poems,PROD1763
The Catcher in the Rye,24.55,1,THE CATCHER IN THE RYE,the catcher in the rye,PROD1764
The Cat in the Hat (Beginner Books B-1),16.26,2,THE CAT IN THE HAT (BEGINNER BOOKS B-1),the cat in the hat (beginner books b-1),PROD1765
The Case for Christ (Cases for Christianity),47.84,1,THE CASE FOR CHRIST (CASES FOR CHRISTIANITY),the case for christ (cases for christianity),PROD1766
The Book Thief,53.49,2,THE BOOK THIEF,the book thief,PROD1767
The Book of Basketball: The NBA According to The Sports Guy,44.84,5,THE BOOK OF BASKETBALL: THE NBA ACCORDING TO THE SPORTS GUY,the book of basketball: the nba according to the sports guy,PROD1768
The Blind Side: Evolution of a Game,53.71,5,THE BLIND SIDE: EVOLUTION OF A GAME,the blind side: evolution of a game,PROD1769
The Autobiography of Malcolm X,23.43,2,THE AUTOBIOGRAPHY OF MALCOLM X,the autobiography of malcolm x,PROD1770
"The Art of Simple Food: Notes, Lessons, and Recipes from a Delicious Revolution",34.32,3,"THE ART OF SIMPLE FOOD: NOTES, LESSONS, AND RECIPES FROM A DELICIOUS REVOLUTION","the art of simple food: notes, lessons, and recipes from a delicious revolution",PROD1771
The Art of Fielding,22.1,1,THE ART OF FIELDING,the art of fielding,PROD1772
"Surely You're Joking, Mr. Feynman!: Adventures of a Curious Character",25.83,2,"SURELY YOU'RE JOKING, MR. FEYNMAN!: ADVENTURES OF A CURIOUS CHARACTER","surely you're joking, mr. feynman!: adventures of a curious character",PROD1773
Stiff: The Curious Lives of Human Cadavers,36.74,3,STIFF: THE CURIOUS LIVES OF HUMAN CADAVERS,stiff: the curious lives of human cadavers,PROD1774
Spilled Milk: Based on a True Story,49.51,1,SPILLED MILK: BASED ON A TRUE STORY,spilled milk: based on a true story,PROD1775
Something Borrowed (Darcy & Rachel #1),48.96,5,SOMETHING BORROWED (DARCY & RACHEL #1),something borrowed (darcy & rachel #1),PROD1776
Something Blue (Darcy & Rachel #2),54.62,1,SOMETHING BLUE (DARCY & RACHEL #2),something blue (darcy & rachel #2),PROD1777
Soldier (Talon #3),24.72,2,SOLDIER (TALON #3),soldier (talon #3),PROD1778
Shopaholic & Baby (Shopaholic #5),46.45,2,SHOPAHOLIC & BABY (SHOPAHOLIC #5),shopaholic & baby (shopaholic #5),PROD1779
Seven Days in the Art World,52.33,2,SEVEN DAYS IN THE ART WORLD,seven days in the art world,PROD1780
Seven Brief Lessons on Physics,30.6,4,SEVEN BRIEF LESSONS ON PHYSICS,seven brief lessons on physics,PROD1781
Scarlet (The Lunar Chronicles #2),14.57,4,SCARLET (THE LUNAR CHRONICLES #2),scarlet (the lunar chronicles #2),PROD1782
Sarah's Key,46.29,1,SARAH'S KEY,sarah's key,PROD1783
"Saga, Volume 3 (Saga (Collected Editions) #3)",21.57,5,"SAGA, VOLUME 3 (SAGA (COLLECTED EDITIONS) #3)","saga, volume 3 (saga (collected editions) #3)",PROD1784
Running with Scissors,12.91,4,RUNNING WITH SCISSORS,running with scissors,PROD1785
Rogue Lawyer (Rogue Lawyer #1),50.11,3,ROGUE LAWYER (ROGUE LAWYER #1),rogue lawyer (rogue lawyer #1),PROD1786
"Rise of the Rocket Girls: The Women Who Propelled Us, from Missiles to the Moon to Mars",41.67,4,"RISE OF THE ROCKET GIRLS: THE WOMEN WHO PROPELLED US, FROM MISSILES TO THE MOON TO MARS","rise of the rocket girls: the women who propelled us, from missiles to the moon to mars",PROD1787
Rework,44.88,2,REWORK,rework,PROD1788
Reservations for Two,11.1,3,RESERVATIONS FOR TWO,reservations for two,PROD1789
Red: The True Story of Red Riding Hood,28.54,3,RED: THE TRUE STORY OF RED RIDING HOOD,red: the true story of red riding hood,PROD1790
Ready Player One,19.07,4,READY PLAYER ONE,ready player one,PROD1791
Quiet: The Power of Introverts in a World That Can't Stop Talking,43.55,1,QUIET: THE POWER OF INTROVERTS IN A WORLD THAT CAN'T STOP TALKING,quiet: the power of introverts in a world that can't stop talking,PROD1792
Prodigy: The Graphic Novel (Legend: The Graphic Novel #2),43.63,3,PRODIGY: THE GRAPHIC NOVEL (LEGEND: THE GRAPHIC NOVEL #2),prodigy: the graphic novel (legend: the graphic novel #2),PROD1793
Persepolis: The Story of a Childhood (Persepolis #1-2),39.13,1,PERSEPOLIS: THE STORY OF A CHILDHOOD (PERSEPOLIS #1-2),persepolis: the story of a childhood (persepolis #1-2),PROD1794
Packing for Mars: The Curious Science of Life in the Void,56.68,2,PACKING FOR MARS: THE CURIOUS SCIENCE OF LIFE IN THE VOID,packing for mars: the curious science of life in the void,PROD1795
Outliers: The Story of Success,14.16,1,OUTLIERS: THE STORY OF SUCCESS,outliers: the story of success,PROD1796
Original Fake,31.45,3,ORIGINAL FAKE,original fake,PROD1797
Orange Is the New Black,24.61,2,ORANGE IS THE NEW BLACK,orange is the new black,PROD1798
One for the Money (Stephanie Plum #1),32.87,2,ONE FOR THE MONEY (STEPHANIE PLUM #1),one for the money (stephanie plum #1),PROD1799
Notes from a Small Island (Notes From a Small Island #1),40.17,1,NOTES FROM A SMALL ISLAND (NOTES FROM A SMALL ISLAND #1),notes from a small island (notes from a small island #1),PROD1800
Night (The Night Trilogy #1),13.51,1,NIGHT (THE NIGHT TRILOGY #1),night (the night trilogy #1),PROD1801
Neither Here nor There: Travels in Europe,38.95,3,NEITHER HERE NOR THERE: TRAVELS IN EUROPE,neither here nor there: travels in europe,PROD1802
Naked,31.69,3,NAKED,naked,PROD1803
Morning Star (Red Rising #3),29.4,1,MORNING STAR (RED RISING #3),morning star (red rising #3),PROD1804
"Miracles from Heaven: A Little Girl, Her Journey to Heaven, and Her Amazing Story of Healing",57.83,1,"MIRACLES FROM HEAVEN: A LITTLE GIRL, HER JOURNEY TO HEAVEN, AND HER AMAZING STORY OF HEALING","miracles from heaven: a little girl, her journey to heaven, and her amazing story of healing",PROD1805
Midnight Riot (Peter Grant/ Rivers of London - books #1),55.46,2,MIDNIGHT RIOT (PETER GRANT/ RIVERS OF LONDON - BOOKS #1),midnight riot (peter grant/ rivers of london - books #1),PROD1806
Me Talk Pretty One Day,57.6,2,ME TALK PRETTY ONE DAY,me talk pretty one day,PROD1807
Manuscript Found in Accra,34.98,2,MANUSCRIPT FOUND IN ACCRA,manuscript found in accra,PROD1808
Lust & Wonder,11.87,2,LUST & WONDER,lust & wonder,PROD1809
Lila (Gilead #3),12.47,3,LILA (GILEAD #3),lila (gilead #3),PROD1810
"Life, the Universe and Everything (Hitchhiker's Guide to the Galaxy #3)",33.26,2,"LIFE, THE UNIVERSE AND EVERYTHING (HITCHHIKER'S GUIDE TO THE GALAXY #3)","life, the universe and everything (hitchhiker's guide to the galaxy #3)",PROD1811
Life Without a Recipe,59.04,5,LIFE WITHOUT A RECIPE,life without a recipe,PROD1812
Life After Life,26.13,2,LIFE AFTER LIFE,life after life,PROD1813
Letter to a Christian Nation,22.2,1,LETTER TO A CHRISTIAN NATION,letter to a christian nation,PROD1814
Let's Pretend This Never Happened: A Mostly True Memoir,45.11,1,LET'S PRETEND THIS NEVER HAPPENED: A MOSTLY TRUE MEMOIR,let's pretend this never happened: a mostly true memoir,PROD1815
Legend (Legend #1),43.69,4,LEGEND (LEGEND #1),legend (legend #1),PROD1816
"Lean In: Women, Work, and the Will to Lead",25.02,1,"LEAN IN: WOMEN, WORK, AND THE WILL TO LEAD","lean in: women, work, and the will to lead",PROD1817
"Lamb: The Gospel According to Biff, Christ's Childhood Pal",55.5,5,"LAMB: THE GOSPEL ACCORDING TO BIFF, CHRIST'S CHILDHOOD PAL","lamb: the gospel according to biff, christ's childhood pal",PROD1818
Lady Renegades (Rebel Belle #3),53.04,5,LADY RENEGADES (REBEL BELLE #3),lady renegades (rebel belle #3),PROD1819
Jurassic Park (Jurassic Park #1),44.97,1,JURASSIC PARK (JURASSIC PARK #1),jurassic park (jurassic park #1),PROD1820
It's Never Too Late to Begin Again: Discovering Creativity and Meaning at Midlife and Beyond,42.38,1,IT'S NEVER TOO LATE TO BEGIN AGAIN: DISCOVERING CREATIVITY AND MEANING AT MIDLIFE AND BEYOND,it's never too late to begin again: discovering creativity and meaning at midlife and beyond,PROD1821
Is Everyone Hanging Out Without Me? (And Other Concerns),20.11,3,IS EVERYONE HANGING OUT WITHOUT ME? (AND OTHER CONCERNS),is everyone hanging out without me? (and other concerns),PROD1822
Into the Wild,56.7,5,INTO THE WILD,into the wild,PROD1823
Inferno (Robert Langdon #4),41.0,5,INFERNO (ROBERT LANGDON #4),inferno (robert langdon #4),PROD1824
"In the Garden of Beasts: Love, Terror, and an American Family in Hitler's Berlin",28.85,3,"IN THE GARDEN OF BEASTS: LOVE, TERROR, AND AN AMERICAN FAMILY IN HITLER'S BERLIN","in the garden of beasts: love, terror, and an american family in hitler's berlin",PROD1825
If I Run (If I Run #1),49.97,4,IF I RUN (IF I RUN #1),if i run (if i run #1),PROD1826
I've Got Your Number,19.69,1,I'VE GOT YOUR NUMBER,i've got your number,PROD1827
I Am Malala: The Girl Who Stood Up for Education and Was Shot by the Taliban,28.88,2,I AM MALALA: THE GIRL WHO STOOD UP FOR EDUCATION AND WAS SHOT BY THE TALIBAN,i am malala: the girl who stood up for education and was shot by the taliban,PROD1828
Hungry Girl Clean & Hungry: Easy All-Natural Recipes for Healthy Eating in the Real World,33.14,3,HUNGRY GIRL CLEAN & HUNGRY: EASY ALL-NATURAL RECIPES FOR HEALTHY EATING IN THE REAL WORLD,hungry girl clean & hungry: easy all-natural recipes for healthy eating in the real world,PROD1829
"House of Lost Worlds: Dinosaurs, Dynasties, and the Story of Life on Earth",43.7,2,"HOUSE OF LOST WORLDS: DINOSAURS, DYNASTIES, AND THE STORY OF LIFE ON EARTH","house of lost worlds: dinosaurs, dynasties, and the story of life on earth",PROD1830
House of Leaves,54.89,1,HOUSE OF LEAVES,house of leaves,PROD1831
Horrible Bear!,37.52,2,HORRIBLE BEAR!,horrible bear!,PROD1832
Holidays on Ice,51.07,2,HOLIDAYS ON ICE,holidays on ice,PROD1833
Heir to the Sky,44.07,4,HEIR TO THE SKY,heir to the sky,PROD1834
Green Eggs and Ham (Beginner Books B-16),10.79,4,GREEN EGGS AND HAM (BEGINNER BOOKS B-16),green eggs and ham (beginner books b-16),PROD1835
"Grayson, Vol 3: Nemesis (Grayson #3)",42.72,1,"GRAYSON, VOL 3: NEMESIS (GRAYSON #3)","grayson, vol 3: nemesis (grayson #3)",PROD1836
Gratitude,26.66,5,GRATITUDE,gratitude,PROD1837
Gone Girl,37.6,5,GONE GIRL,gone girl,PROD1838
Golden (Heart of Dread #3),42.21,4,GOLDEN (HEART OF DREAD #3),golden (heart of dread #3),PROD1839
Girl in the Blue Coat,46.83,2,GIRL IN THE BLUE COAT,girl in the blue coat,PROD1840
"Fruits Basket, Vol. 3 (Fruits Basket #3)",45.17,2,"FRUITS BASKET, VOL. 3 (FRUITS BASKET #3)","fruits basket, vol. 3 (fruits basket #3)",PROD1841
"Friday Night Lights: A Town, a Team, and a Dream",51.22,3,"FRIDAY NIGHT LIGHTS: A TOWN, A TEAM, AND A DREAM","friday night lights: a town, a team, and a dream",PROD1842
Fire Bound (Sea Haven/Sisters of the Heart #5),21.28,4,FIRE BOUND (SEA HAVEN/SISTERS OF THE HEART #5),fire bound (sea haven/sisters of the heart #5),PROD1843
Fifty Shades Freed (Fifty Shades #3),15.36,5,FIFTY SHADES FREED (FIFTY SHADES #3),fifty shades freed (fifty shades #3),PROD1844
Fellside,38.62,1,FELLSIDE,fellside,PROD1845
Extreme Prey (Lucas Davenport #26),25.4,3,EXTREME PREY (LUCAS DAVENPORT #26),extreme prey (lucas davenport #26),PROD1846
Eragon (The Inheritance Cycle #1),43.87,3,ERAGON (THE INHERITANCE CYCLE #1),eragon (the inheritance cycle #1),PROD1847
Eclipse (Twilight #3),18.74,1,ECLIPSE (TWILIGHT #3),eclipse (twilight #3),PROD1848
Dune (Dune #1),54.86,1,DUNE (DUNE #1),dune (dune #1),PROD1849
Dracula,52.62,3,DRACULA,dracula,PROD1850
Do Androids Dream of Electric Sheep? (Blade Runner #1),51.48,1,DO ANDROIDS DREAM OF ELECTRIC SHEEP? (BLADE RUNNER #1),do androids dream of electric sheep? (blade runner #1),PROD1851
Disrupted: My Misadventure in the Start-Up Bubble,15.28,5,DISRUPTED: MY MISADVENTURE IN THE START-UP BUBBLE,disrupted: my misadventure in the start-up bubble,PROD1852
Dead Wake: The Last Crossing of the Lusitania,39.24,5,DEAD WAKE: THE LAST CROSSING OF THE LUSITANIA,dead wake: the last crossing of the lusitania,PROD1853
"David and Goliath: Underdogs, Misfits, and the Art of Battling Giants",17.81,1,"DAVID AND GOLIATH: UNDERDOGS, MISFITS, AND THE ART OF BATTLING GIANTS","david and goliath: underdogs, misfits, and the art of battling giants",PROD1854
Darkfever (Fever #1),56.02,1,DARKFEVER (FEVER #1),darkfever (fever #1),PROD1855
Dark Places,23.9,5,DARK PLACES,dark places,PROD1856
Crazy Rich Asians (Crazy Rich Asians #1),49.13,5,CRAZY RICH ASIANS (CRAZY RICH ASIANS #1),crazy rich asians (crazy rich asians #1),PROD1857
Counting Thyme,10.62,1,COUNTING THYME,counting thyme,PROD1858
Cosmos,36.17,2,COSMOS,cosmos,PROD1859
Civilization and Its Discontents,59.95,2,CIVILIZATION AND ITS DISCONTENTS,civilization and its discontents,PROD1860
Cinder (The Lunar Chronicles #1),26.09,1,CINDER (THE LUNAR CHRONICLES #1),cinder (the lunar chronicles #1),PROD1861
Catastrophic Happiness: Finding Joy in Childhood's Messy Years,37.35,2,CATASTROPHIC HAPPINESS: FINDING JOY IN CHILDHOOD'S MESSY YEARS,catastrophic happiness: finding joy in childhood's messy years,PROD1862
Career of Evil (Cormoran Strike #3),24.72,2,CAREER OF EVIL (CORMORAN STRIKE #3),career of evil (cormoran strike #3),PROD1863
Breaking Dawn (Twilight #4),35.28,5,BREAKING DAWN (TWILIGHT #4),breaking dawn (twilight #4),PROD1864
Brave Enough,51.32,5,BRAVE ENOUGH,brave enough,PROD1865
Boy Meets Boy,21.12,3,BOY MEETS BOY,boy meets boy,PROD1866
"Born to Run: A Hidden Tribe, Superathletes, and the Greatest Race the World Has Never Seen",27.35,2,"BORN TO RUN: A HIDDEN TRIBE, SUPERATHLETES, AND THE GREATEST RACE THE WORLD HAS NEVER SEEN","born to run: a hidden tribe, superathletes, and the greatest race the world has never seen",PROD1867
Blink: The Power of Thinking Without Thinking,21.74,5,BLINK: THE POWER OF THINKING WITHOUT THINKING,blink: the power of thinking without thinking,PROD1868
Black Flags: The Rise of ISIS,40.87,1,BLACK FLAGS: THE RISE OF ISIS,black flags: the rise of isis,PROD1869
"Black Butler, Vol. 1 (Black Butler #1)",49.31,1,"BLACK BUTLER, VOL. 1 (BLACK BUTLER #1)","black butler, vol. 1 (black butler #1)",PROD1870
Big Little Lies,22.11,1,BIG LITTLE LIES,big little lies,PROD1871
Between Shades of Gray,20.79,5,BETWEEN SHADES OF GRAY,between shades of gray,PROD1872
Best of My Love (Fool's Gold #20),27.41,2,BEST OF MY LOVE (FOOL'S GOLD #20),best of my love (fool's gold #20),PROD1873
Beowulf,38.35,2,BEOWULF,beowulf,PROD1874
Beautiful Creatures (Caster Chronicles #1),21.55,5,BEAUTIFUL CREATURES (CASTER CHRONICLES #1),beautiful creatures (caster chronicles #1),PROD1875
Awkward,38.02,2,AWKWARD,awkward,PROD1876
Ash,22.06,4,ASH,ash,PROD1877
Are We There Yet?,10.66,3,ARE WE THERE YET?,are we there yet?,PROD1878
Are We Smart Enough to Know How Smart Animals Are?,56.58,1,ARE WE SMART ENOUGH TO KNOW HOW SMART ANIMALS ARE?,are we smart enough to know how smart animals are?,PROD1879
Annie on My Mind,36.83,5,ANNIE ON MY MIND,annie on my mind,PROD1880
And Then There Were None,35.01,2,AND THEN THERE WERE NONE,and then there were none,PROD1881
A Walk in the Woods: Rediscovering America on the Appalachian Trail,30.48,4,A WALK IN THE WOODS: REDISCOVERING AMERICA ON THE APPALACHIAN TRAIL,a walk in the woods: rediscovering america on the appalachian trail,PROD1882
A Visit from the Goon Squad,14.08,5,A VISIT FROM THE GOON SQUAD,a visit from the goon squad,PROD1883
A Storm of Swords (A Song of Ice and Fire #3),31.22,2,A STORM OF SWORDS (A SONG OF ICE AND FIRE #3),a storm of swords (a song of ice and fire #3),PROD1884
A Heartbreaking Work of Staggering Genius,54.29,5,A HEARTBREAKING WORK OF STAGGERING GENIUS,a heartbreaking work of staggering genius,PROD1885
8 Keys to Mental Health Through Exercise,31.04,1,8 KEYS TO MENTAL HEALTH THROUGH EXERCISE,8 keys to mental health through exercise,PROD1886
#GIRLBOSS,50.96,1,#GIRLBOSS,#girlboss,PROD1887
"The Suffragettes (Little Black Classics, #96)",11.89,2,"THE SUFFRAGETTES (LITTLE BLACK CLASSICS, #96)","the suffragettes (little black classics, #96)",PROD1888
The Sense of an Ending,31.38,3,THE SENSE OF AN ENDING,the sense of an ending,PROD1889
"The Sandman, Vol. 2: The Doll's House (The Sandman (volumes) #2)",54.81,1,"THE SANDMAN, VOL. 2: THE DOLL'S HOUSE (THE SANDMAN (VOLUMES) #2)","the sandman, vol. 2: the doll's house (the sandman (volumes) #2)",PROD1890
The Course of Love,16.78,3,THE COURSE OF LOVE,the course of love,PROD1891
Sugar Rush (Offensive Line #2),24.42,1,SUGAR RUSH (OFFENSIVE LINE #2),sugar rush (offensive line #2),PROD1892
"Saga, Volume 2 (Saga (Collected Editions) #2)",11.75,3,"SAGA, VOLUME 2 (SAGA (COLLECTED EDITIONS) #2)","saga, volume 2 (saga (collected editions) #2)",PROD1893
"Run, Spot, Run: The Ethics of Keeping Pets",20.02,1,"RUN, SPOT, RUN: THE ETHICS OF KEEPING PETS","run, spot, run: the ethics of keeping pets",PROD1894
New Moon (Twilight #2),12.86,4,NEW MOON (TWILIGHT #2),new moon (twilight #2),PROD1895
Life,31.58,5,LIFE,life,PROD1896
Kindle Paperwhite User's Guide,34.0,3,KINDLE PAPERWHITE USER'S GUIDE,kindle paperwhite user's guide,PROD1897
H is for Hawk,57.42,5,H IS FOR HAWK,h is for hawk,PROD1898
Girl Online On Tour (Girl Online #2),53.47,1,GIRL ONLINE ON TOUR (GIRL ONLINE #2),girl online on tour (girl online #2),PROD1899
"Fruits Basket, Vol. 2 (Fruits Basket #2)",11.64,5,"FRUITS BASKET, VOL. 2 (FRUITS BASKET #2)","fruits basket, vol. 2 (fruits basket #2)",PROD1900
Diary of a Minecraft Zombie Book 1: A Scare of a Dare (An Unofficial Minecraft Book),52.88,4,DIARY OF A MINECRAFT ZOMBIE BOOK 1: A SCARE OF A DARE (AN UNOFFICIAL MINECRAFT BOOK),diary of a minecraft zombie book 1: a scare of a dare (an unofficial minecraft book),PROD1901
"Y: The Last Man, Vol. 1: Unmanned (Y: The Last Man #1)",18.51,4,"Y: THE LAST MAN, VOL. 1: UNMANNED (Y: THE LAST MAN #1)","y: the last man, vol. 1: unmanned (y: the last man #1)",PROD1902
While You Were Mine,41.32,5,WHILE YOU WERE MINE,while you were mine,PROD1903
Where Lightning Strikes (Bleeding Stars #3),39.77,3,WHERE LIGHTNING STRIKES (BLEEDING STARS #3),where lightning strikes (bleeding stars #3),PROD1904
When I'm Gone,51.96,3,WHEN I'M GONE,when i'm gone,PROD1905
Ways of Seeing,39.51,5,WAYS OF SEEING,ways of seeing,PROD1906
"Vampire Knight, Vol. 1 (Vampire Knight #1)",15.4,1,"VAMPIRE KNIGHT, VOL. 1 (VAMPIRE KNIGHT #1)","vampire knight, vol. 1 (vampire knight #1)",PROD1907
Vampire Girl (Vampire Girl #1),53.82,2,VAMPIRE GIRL (VAMPIRE GIRL #1),vampire girl (vampire girl #1),PROD1908
Twenty Love Poems and a Song of Despair,30.95,4,TWENTY LOVE POEMS AND A SONG OF DESPAIR,twenty love poems and a song of despair,PROD1909
Travels with Charley: In Search of America,57.82,5,TRAVELS WITH CHARLEY: IN SEARCH OF AMERICA,travels with charley: in search of america,PROD1910
Three Wishes (River of Time: California #1),44.18,2,THREE WISHES (RIVER OF TIME: CALIFORNIA #1),three wishes (river of time: california #1),PROD1911
This One Moment (Pushing Limits #1),48.71,1,THIS ONE MOMENT (PUSHING LIMITS #1),this one moment (pushing limits #1),PROD1912
The Zombie Room,19.69,5,THE ZOMBIE ROOM,the zombie room,PROD1913
"The Wicked + The Divine, Vol. 1: The Faust Act (The Wicked + The Divine)",36.52,2,"THE WICKED + THE DIVINE, VOL. 1: THE FAUST ACT (THE WICKED + THE DIVINE)","the wicked + the divine, vol. 1: the faust act (the wicked + the divine)",PROD1914
The Tumor,41.56,5,THE TUMOR,the tumor,PROD1915
The Story of Hong Gildong,43.19,4,THE STORY OF HONG GILDONG,the story of hong gildong,PROD1916
The Silent Wife,12.34,5,THE SILENT WIFE,the silent wife,PROD1917
The Silent Twin (Detective Jennifer Knight #3),36.25,3,THE SILENT TWIN (DETECTIVE JENNIFER KNIGHT #3),the silent twin (detective jennifer knight #3),PROD1918
The Selfish Gene,29.45,1,THE SELFISH GENE,the selfish gene,PROD1919
The Secret Healer,34.56,3,THE SECRET HEALER,the secret healer,PROD1920
"The Sandman, Vol. 1: Preludes and Nocturnes (The Sandman (volumes) #1)",54.12,3,"THE SANDMAN, VOL. 1: PRELUDES AND NOCTURNES (THE SANDMAN (VOLUMES) #1)","the sandman, vol. 1: preludes and nocturnes (the sandman (volumes) #1)",PROD1921
The Republic,33.78,3,THE REPUBLIC,the republic,PROD1922
The Odyssey,29.64,3,THE ODYSSEY,the odyssey,PROD1923
The No. 1 Ladies' Detective Agency (No. 1 Ladies' Detective Agency #1),57.7,4,THE NO. 1 LADIES' DETECTIVE AGENCY (NO. 1 LADIES' DETECTIVE AGENCY #1),the no. 1 ladies' detective agency (no. 1 ladies' detective agency #1),PROD1924
The Nicomachean Ethics,36.34,1,THE NICOMACHEAN ETHICS,the nicomachean ethics,PROD1925
The Name of the Wind (The Kingkiller Chronicle #1),50.59,3,THE NAME OF THE WIND (THE KINGKILLER CHRONICLE #1),the name of the wind (the kingkiller chronicle #1),PROD1926
The Mirror & the Maze (The Wrath and the Dawn #1.5),29.38,1,THE MIRROR & THE MAZE (THE WRATH AND THE DAWN #1.5),the mirror & the maze (the wrath and the dawn #1.5),PROD1927
The Little Prince,45.42,2,THE LITTLE PRINCE,the little prince,PROD1928
The Light of the Fireflies,54.43,1,THE LIGHT OF THE FIREFLIES,the light of the fireflies,PROD1929
The Last Girl (The Dominion Trilogy #1),36.26,2,THE LAST GIRL (THE DOMINION TRILOGY #1),the last girl (the dominion trilogy #1),PROD1930
The Iliad,16.16,1,THE ILIAD,the iliad,PROD1931
The Hook Up (Game On #1),36.29,5,THE HOOK UP (GAME ON #1),the hook up (game on #1),PROD1932
The Haters,27.89,5,THE HATERS,the haters,PROD1933
The Girl You Lost,12.29,5,THE GIRL YOU LOST,the girl you lost,PROD1934
The Girl In The Ice (DCI Erika Foster #1),15.85,3,THE GIRL IN THE ICE (DCI ERIKA FOSTER #1),the girl in the ice (dci erika foster #1),PROD1935
The End of the Jesus Era (An Investigation #1),14.4,1,THE END OF THE JESUS ERA (AN INVESTIGATION #1),the end of the jesus era (an investigation #1),PROD1936
The Edge of Reason (Bridget Jones #2),19.18,4,THE EDGE OF REASON (BRIDGET JONES #2),the edge of reason (bridget jones #2),PROD1937
The Complete Maus (Maus #1-2),10.64,3,THE COMPLETE MAUS (MAUS #1-2),the complete maus (maus #1-2),PROD1938
The Communist Manifesto,14.76,3,THE COMMUNIST MANIFESTO,the communist manifesto,PROD1939
The Bhagavad Gita,57.49,3,THE BHAGAVAD GITA,the bhagavad gita,PROD1940
The Bette Davis Club,30.66,3,THE BETTE DAVIS CLUB,the bette davis club,PROD1941
The Art of Not Breathing,40.83,4,THE ART OF NOT BREATHING,the art of not breathing,PROD1942
Taking Shots (Assassins #1),18.88,2,TAKING SHOTS (ASSASSINS #1),taking shots (assassins #1),PROD1943
Starlark,25.83,3,STARLARK,starlark,PROD1944
"Skip Beat!, Vol. 01 (Skip Beat! #1)",42.12,3,"SKIP BEAT!, VOL. 01 (SKIP BEAT! #1)","skip beat!, vol. 01 (skip beat! #1)",PROD1945
Sister Sable (The Mad Queen #1),13.33,3,SISTER SABLE (THE MAD QUEEN #1),sister sable (the mad queen #1),PROD1946
Shatter Me (Shatter Me #1),42.4,1,SHATTER ME (SHATTER ME #1),shatter me (shatter me #1),PROD1947
Shameless,58.35,3,SHAMELESS,shameless,PROD1948
Shadow Rites (Jane Yellowrock #10),21.72,4,SHADOW RITES (JANE YELLOWROCK #10),shadow rites (jane yellowrock #10),PROD1949
Settling the Score (The Summer Games #1),44.91,2,SETTLING THE SCORE (THE SUMMER GAMES #1),settling the score (the summer games #1),PROD1950
Sense and Sensibility,37.46,1,SENSE AND SENSIBILITY,sense and sensibility,PROD1951
"Saga, Volume 1 (Saga (Collected Editions) #1)",28.48,1,"SAGA, VOLUME 1 (SAGA (COLLECTED EDITIONS) #1)","saga, volume 1 (saga (collected editions) #1)",PROD1952
"Rhythm, Chord & Malykhin",28.34,2,"RHYTHM, CHORD & MALYKHIN","rhythm, chord & malykhin",PROD1953
"Rat Queens, Vol. 1: Sass & Sorcery (Rat Queens (Collected Editions) #1-5)",46.96,5,"RAT QUEENS, VOL. 1: SASS & SORCERY (RAT QUEENS (COLLECTED EDITIONS) #1-5)","rat queens, vol. 1: sass & sorcery (rat queens (collected editions) #1-5)",PROD1954
Paradise Lost (Paradise #1),24.96,1,PARADISE LOST (PARADISE #1),paradise lost (paradise #1),PROD1955
"Paper Girls, Vol. 1 (Paper Girls #1-5)",21.71,4,"PAPER GIRLS, VOL. 1 (PAPER GIRLS #1-5)","paper girls, vol. 1 (paper girls #1-5)",PROD1956
"Ouran High School Host Club, Vol. 1 (Ouran High School Host Club #1)",29.87,3,"OURAN HIGH SCHOOL HOST CLUB, VOL. 1 (OURAN HIGH SCHOOL HOST CLUB #1)","ouran high school host club, vol. 1 (ouran high school host club #1)",PROD1957
Origins (Alphas 0.5),28.99,1,ORIGINS (ALPHAS 0.5),origins (alphas 0.5),PROD1958
One Second (Seven #7),52.94,2,ONE SECOND (SEVEN #7),one second (seven #7),PROD1959
On the Road (Duluoz Legend),32.36,3,ON THE ROAD (DULUOZ LEGEND),on the road (duluoz legend),PROD1960
Old Records Never Die: One Man's Quest for His Vinyl and His Past,55.66,2,OLD RECORDS NEVER DIE: ONE MAN'S QUEST FOR HIS VINYL AND HIS PAST,old records never die: one man's quest for his vinyl and his past,PROD1961
Off Sides (Off #1),39.45,5,OFF SIDES (OFF #1),off sides (off #1),PROD1962
Of Mice and Men,47.11,2,OF MICE AND MEN,of mice and men,PROD1963
Myriad (Prentor #1),58.75,4,MYRIAD (PRENTOR #1),myriad (prentor #1),PROD1964
My Perfect Mistake (Over the Top #1),38.92,2,MY PERFECT MISTAKE (OVER THE TOP #1),my perfect mistake (over the top #1),PROD1965
"Ms. Marvel, Vol. 1: No Normal (Ms. Marvel (2014-2015) #1)",39.39,4,"MS. MARVEL, VOL. 1: NO NORMAL (MS. MARVEL (2014-2015) #1)","ms. marvel, vol. 1: no normal (ms. marvel (2014-2015) #1)",PROD1966
Meditations,25.89,2,MEDITATIONS,meditations,PROD1967
Matilda,28.34,1,MATILDA,matilda,PROD1968
Lost Among the Living,27.7,4,LOST AMONG THE LIVING,lost among the living,PROD1969
Lord of the Flies,24.89,3,LORD OF THE FLIES,lord of the flies,PROD1970
Listen to Me (Fusion #1),58.99,3,LISTEN TO ME (FUSION #1),listen to me (fusion #1),PROD1971
Kitchens of the Great Midwest,57.2,5,KITCHENS OF THE GREAT MIDWEST,kitchens of the great midwest,PROD1972
Jane Eyre,38.43,5,JANE EYRE,jane eyre,PROD1973
Imperfect Harmony,34.74,4,IMPERFECT HARMONY,imperfect harmony,PROD1974
Icing (Aces Hockey #2),40.44,4,ICING (ACES HOCKEY #2),icing (aces hockey #2),PROD1975
"Hawkeye, Vol. 1: My Life as a Weapon (Hawkeye #1)",45.24,3,"HAWKEYE, VOL. 1: MY LIFE AS A WEAPON (HAWKEYE #1)","hawkeye, vol. 1: my life as a weapon (hawkeye #1)",PROD1976
Having the Barbarian's Baby (Ice Planet Barbarians #7.5),34.96,4,HAVING THE BARBARIAN'S BABY (ICE PLANET BARBARIANS #7.5),having the barbarian's baby (ice planet barbarians #7.5),PROD1977
"Giant Days, Vol. 1 (Giant Days #1-4)",56.76,4,"GIANT DAYS, VOL. 1 (GIANT DAYS #1-4)","giant days, vol. 1 (giant days #1-4)",PROD1978
"Fruits Basket, Vol. 1 (Fruits Basket #1)",40.28,5,"FRUITS BASKET, VOL. 1 (FRUITS BASKET #1)","fruits basket, vol. 1 (fruits basket #1)",PROD1979
Frankenstein,38.0,2,FRANKENSTEIN,frankenstein,PROD1980
Forever Rockers (The Rocker #12),28.8,3,FOREVER ROCKERS (THE ROCKER #12),forever rockers (the rocker #12),PROD1981
Fighting Fate (Fighting #6),39.24,3,FIGHTING FATE (FIGHTING #6),fighting fate (fighting #6),PROD1982
Emma,32.93,2,EMMA,emma,PROD1983
"Eat, Pray, Love",51.32,3,"EAT, PRAY, LOVE","eat, pray, love",PROD1984
Deep Under (Walker Security #1),47.09,5,DEEP UNDER (WALKER SECURITY #1),deep under (walker security #1),PROD1985
Choosing Our Religion: The Spiritual Lives of America's Nones,28.42,4,CHOOSING OUR RELIGION: THE SPIRITUAL LIVES OF AMERICA'S NONES,choosing our religion: the spiritual lives of america's nones,PROD1986
Charlie and the Chocolate Factory (Charlie Bucket #1),22.85,3,CHARLIE AND THE CHOCOLATE FACTORY (CHARLIE BUCKET #1),charlie and the chocolate factory (charlie bucket #1),PROD1987
Charity's Cross (Charles Towne Belles #4),41.24,1,CHARITY'S CROSS (CHARLES TOWNE BELLES #4),charity's cross (charles towne belles #4),PROD1988
Bright Lines,39.07,5,BRIGHT LINES,bright lines,PROD1989
Bridget Jones's Diary (Bridget Jones #1),29.82,1,BRIDGET JONES'S DIARY (BRIDGET JONES #1),bridget jones's diary (bridget jones #1),PROD1990
Bounty (Colorado Mountain #7),37.26,4,BOUNTY (COLORADO MOUNTAIN #7),bounty (colorado mountain #7),PROD1991
Blood Defense (Samantha Brinkman #1),20.3,3,BLOOD DEFENSE (SAMANTHA BRINKMAN #1),blood defense (samantha brinkman #1),PROD1992
"Bleach, Vol. 1: Strawberry and the Soul Reapers (Bleach #1)",34.65,5,"BLEACH, VOL. 1: STRAWBERRY AND THE SOUL REAPERS (BLEACH #1)","bleach, vol. 1: strawberry and the soul reapers (bleach #1)",PROD1993
Beyond Good and Evil,43.38,1,BEYOND GOOD AND EVIL,beyond good and evil,PROD1994
Alice in Wonderland (Alice's Adventures in Wonderland #1),55.53,1,ALICE IN WONDERLAND (ALICE'S ADVENTURES IN WONDERLAND #1),alice in wonderland (alice's adventures in wonderland #1),PROD1995
"Ajin: Demi-Human, Volume 1 (Ajin: Demi-Human #1)",57.06,4,"AJIN: DEMI-HUMAN, VOLUME 1 (AJIN: DEMI-HUMAN #1)","ajin: demi-human, volume 1 (ajin: demi-human #1)",PROD1996
A Spy's Devotion (The Regency Spies of London #1),16.97,5,A SPY'S DEVOTION (THE REGENCY SPIES OF LONDON #1),a spy's devotion (the regency spies of london #1),PROD1997
1st to Die (Women's Murder Club #1),53.98,1,1ST TO DIE (WOMEN'S MURDER CLUB #1),1st to die (women's murder club #1),PROD1998
"1,000 Places to See Before You Die",26.08,5,"1,000 PLACES TO SEE BEFORE YOU DIE","1,000 places to see before you die",PROD1999
